company_name,company_domain,company_type,current_annual_revenue,required_credits_annual,least_cost_plan_name,least_cost_annual_revenue,least_cost_arr_change,least_cost_extra_credits_purchased,least_cost_surplus_credits,match_arr_plan_name,match_arr_annual_revenue,match_arr_extra_credits_purchased,match_arr_surplus_credits
TrueClicks,trueclicks.com,IN_HOUSE,1068.0,27.0,starter,1068.0,0.0,0,53373,,0.0,0,0.0
Boat24,boat24.com,IN_HOUSE,1068.0,36.0,starter,1068.0,0.0,0,53364,,0.0,0,0.0
CommsCo,thecommsco.com,AGENCY,840.0,228.0,intro,3588.0,2748.0,0,179172,,0.0,0,0.0
Gear4music,gear4music.com,IN_HOUSE,2388.0,300.0,starter,1068.0,-1320.0,0,53100,starter,2388.0,66000,119100.0
Betmode,betmode.io,IN_HOUSE,2388.0,75.0,starter,1068.0,-1320.0,0,53325,starter,2388.0,66000,119325.0
Harper James,harperjames.co.uk,IN_HOUSE,5988.0,150.0,starter,1068.0,-4920.0,0,53250,pro,5988.0,225000,448950.0
addmustard,addmustard.com,AGENCY,2388.0,18.0,intro,3588.0,1200.0,0,179382,,0.0,0,0.0
COR Berlin Kommunikation ,cor-berlin.com,AGENCY,1068.0,15.0,intro,3588.0,2520.0,0,179385,,0.0,0,0.0
Kollective,kollective.gr,AGENCY,240.0,115.0,intro,3588.0,3348.0,0,179285,,0.0,0,0.0
Lusha,lusha.com,IN_HOUSE,2388.0,282.0,starter,1068.0,-1320.0,0,53118,starter,2388.0,66000,119118.0
Koddi,koddi.com,IN_HOUSE,1068.0,27.0,starter,1068.0,0.0,0,53373,,0.0,0,0.0
Alt Text Ai,alttext.ai,IN_HOUSE,1068.0,75.0,starter,1068.0,0.0,0,53325,,0.0,0,0.0
Speed Communications,speedcommunications.com,IN_HOUSE,1068.0,27.0,starter,1068.0,0.0,0,53373,,0.0,0,0.0
Barthet,barthet.com,IN_HOUSE,1068.0,75.0,starter,1068.0,0.0,0,53325,,0.0,0,0.0
Telefónica ,telefonica.de,IN_HOUSE,5988.0,612.0,starter,1068.0,-4920.0,0,52788,pro,5988.0,225000,448488.0
audibene,audibene.de,IN_HOUSE,1068.0,75.0,starter,1068.0,0.0,0,53325,,0.0,0,0.0
NFM,nfm.com,IN_HOUSE,1068.0,66.0,starter,1068.0,0.0,0,53334,,0.0,0,0.0
Firesign,firesignmarketing.com,AGENCY,1194.0,48.0,intro,3588.0,2394.0,0,179352,,0.0,0,0.0
MacRAE's,macraes.com,AGENCY,468.0,60.0,intro,3588.0,3120.0,0,179340,,0.0,0,0.0
Omniscient,beomniscient.com,AGENCY,1080.0,1032.0,intro,3588.0,2508.0,0,178368,,0.0,0,0.0
SDC Ventures GmbH,mysugardaddy.eu,IN_HOUSE,2388.0,72.0,starter,1068.0,-1320.0,0,53328,starter,2388.0,66000,119328.0
BIKE24,bike24.de,IN_HOUSE,2388.0,75.0,starter,1068.0,-1320.0,0,53325,starter,2388.0,66000,119325.0
Siteminder,siteminder.com,IN_HOUSE,3588.0,303.0,starter,1068.0,-2520.0,0,53097,pro,3588.0,45000,268797.0
Blueprint for Scale,blueprintforscale.com,AGENCY,1068.0,24.0,intro,3588.0,2520.0,0,179376,,0.0,0,0.0
Ray Sono,raysono.com,AGENCY,1068.0,48.0,intro,3588.0,2520.0,0,179352,,0.0,0,0.0
Soda PDF,sodapdf.com,IN_HOUSE,2388.0,174.0,starter,1068.0,-1320.0,0,53226,starter,2388.0,66000,119226.0
Fielmann,fielmann.de,IN_HOUSE,2388.0,198.0,starter,1068.0,-1320.0,0,53202,starter,2388.0,66000,119202.0
Bloom Search Marketing,makeitbloom.com,AGENCY,1068.0,105.0,intro,3588.0,2520.0,0,179295,,0.0,0,0.0
KO-PYLOT,ko-pylot.com,AGENCY,1068.0,90.0,intro,3588.0,2520.0,0,179310,,0.0,0,0.0
Agency,agency.com,AGENCY,1068.0,18.0,intro,3588.0,2520.0,0,179382,,0.0,0,0.0
ifeel,ifeelonline.com,IN_HOUSE,1068.0,72.0,starter,1068.0,0.0,0,53328,,0.0,0,0.0
this is digital,thisisdigital.co.uk,AGENCY,1194.0,150.0,intro,3588.0,2394.0,0,179250,,0.0,0,0.0
ex Ventures UG,ehochx.com,AGENCY,1068.0,6.0,intro,3588.0,2520.0,0,179394,,0.0,0,0.0
Tell Me More,tellmemore.co,AGENCY,1068.0,297.0,intro,3588.0,2520.0,0,179103,,0.0,0,0.0
Railsware,railsware.com,IN_HOUSE,1068.0,100.0,starter,1068.0,0.0,0,53300,,0.0,0,0.0
Advisor Rankings,advisorrankings.io,AGENCY,159.96,66.0,intro,3588.0,3428.04,0,179334,,0.0,0,0.0
Advidera ,advidera.com,AGENCY,1068.0,15.0,intro,3588.0,2520.0,0,179385,,0.0,0,0.0
precis.,precisdigital.com,AGENCY,3108.0,498.0,intro,3588.0,480.0,0,178902,,0.0,0,0.0
Index Ventures,indexventures.com,IN_HOUSE,1068.0,75.0,starter,1068.0,0.0,0,53325,,0.0,0,0.0
Future PLC,futureplc.com,AGENCY,5988.0,1482.0,intro,3588.0,-2400.0,0,177918,intro,5988.0,120000,297918.0
Gravy,thisisgravy.co.uk,AGENCY,1068.0,0.0,intro,3588.0,2520.0,0,179400,,0.0,0,0.0
Outletcity Metzingen,outletcity.com,IN_HOUSE,1068.0,75.0,starter,1068.0,0.0,0,53325,,0.0,0,0.0
Access Holdings ,accessholdings.com,IN_HOUSE,1080.0,63.0,starter,1068.0,-12.0,0,53337,starter,1080.0,600,53937.0
Mint Studios,mintcopywritingstudios.com,AGENCY,900.0,543.0,intro,3588.0,2688.0,0,178857,,0.0,0,0.0
Skindr,skindr.com,IN_HOUSE,1068.0,24.0,starter,1068.0,0.0,0,53376,,0.0,0,0.0
Meili & Hess,meilihess.ch,IN_HOUSE,1440.0,540.0,starter,1068.0,-372.0,0,52860,starter,1440.0,18600,71460.0
Sharetribe,sharetribe.com,IN_HOUSE,1068.0,30.0,starter,1068.0,0.0,0,53370,,0.0,0,0.0
Pan Macmillan,panmacmillan.com,IN_HOUSE,2388.0,252.0,starter,1068.0,-1320.0,0,53148,starter,2388.0,66000,119148.0
FastDL,fastdl.app,IN_HOUSE,480.0,45.0,starter,1068.0,588.0,0,53355,,0.0,0,0.0
Worders,worders.net,AGENCY,1068.0,27.0,intro,3588.0,2520.0,0,179373,,0.0,0,0.0
UAB Tvora,tvora.eu,IN_HOUSE,1068.0,75.0,starter,1068.0,0.0,0,53325,,0.0,0,0.0
sofatutor,sofatutor.com,IN_HOUSE,2388.0,186.0,starter,1068.0,-1320.0,0,53214,starter,2388.0,66000,119214.0
Asseco Solutions AG,assecosolutions.com,IN_HOUSE,1440.0,325.0,starter,1068.0,-372.0,0,53075,starter,1440.0,18600,71675.0
Bearaby,bearaby.com,IN_HOUSE,1068.0,75.0,starter,1068.0,0.0,0,53325,,0.0,0,0.0
Ströer Publishing,stroeer-publishing.de,AGENCY,1068.0,39.0,intro,3588.0,2520.0,0,179361,,0.0,0,0.0
varosun,varosun.com,IN_HOUSE,1068.0,27.0,starter,1068.0,0.0,0,53373,,0.0,0,0.0
Espace Concours,espace-concours.fr,IN_HOUSE,1068.0,48.0,starter,1068.0,0.0,0,53352,,0.0,0,0.0
Abraxio,abraxio.com,IN_HOUSE,24348.0,276.0,starter,1068.0,-23280.0,0,53124,enterprise,24348.0,1836000,2434524.0
papernest,papernest.com,IN_HOUSE,1068.0,21.0,starter,1068.0,0.0,0,53379,,0.0,0,0.0
AsiaYo Travel Technology ,asiayo.com,AGENCY,1068.0,75.0,intro,3588.0,2520.0,0,179325,,0.0,0,0.0
Brandsome,brandsomeprojects.be,AGENCY,1068.0,72.0,intro,3588.0,2520.0,0,179328,,0.0,0,0.0
Functionize,functionize.com,IN_HOUSE,2388.0,300.0,starter,1068.0,-1320.0,0,53100,starter,2388.0,66000,119100.0
Verder,verderliquids.com,IN_HOUSE,2388.0,144.0,starter,1068.0,-1320.0,0,53256,starter,2388.0,66000,119256.0
Magnetic North,magnorth.com,AGENCY,540.0,399.0,intro,3588.0,3048.0,0,179001,,0.0,0,0.0
Flood Digital,flooddigital.co,AGENCY,7200.0,300.0,intro,3588.0,-3612.0,0,179100,growth,7200.0,90900,539700.0
Advice Interactive,adviceinteractive.com,AGENCY,26760.0,5943.0,intro,3588.0,-23172.0,0,173457,scale,26760.0,1956000,2670057.0
גמבורג הסעות rent a bus,rentabus.co.il,IN_HOUSE,597.0,294.0,starter,1068.0,471.0,0,53106,,0.0,0,0.0
cafecasino,cafecasino.lv,IN_HOUSE,1068.0,63.0,starter,1068.0,0.0,0,53337,,0.0,0,0.0
Jedha Bootcamp,jedha.co,IN_HOUSE,2388.0,171.0,starter,1068.0,-1320.0,0,53229,starter,2388.0,66000,119229.0
KB Studio,kbstudio.org,AGENCY,1068.0,21.0,intro,3588.0,2520.0,0,179379,,0.0,0,0.0
PANBlast,panblastpr.com,AGENCY,597.0,300.0,intro,3588.0,2991.0,0,179100,,0.0,0,0.0
Siege,siegemedia.com,AGENCY,16476.0,214.0,intro,3588.0,-12888.0,0,179186,scale,16476.0,927600,1647386.0
gastromatic,gastromatic.com,IN_HOUSE,1068.0,60.0,starter,1068.0,0.0,0,53340,,0.0,0,0.0
SureCam,surecam.com,IN_HOUSE,1068.0,39.0,starter,1068.0,0.0,0,53361,,0.0,0,0.0
Yours Sincerely,yourssincerely.online,AGENCY,1068.0,75.0,intro,3588.0,2520.0,0,179325,,0.0,0,0.0
FOA,foa.dk,IN_HOUSE,1068.0,15.0,starter,1068.0,0.0,0,53385,,0.0,0,0.0
Web Focused,getwebfocused.com,AGENCY,1194.0,132.0,intro,3588.0,2394.0,0,179268,,0.0,0,0.0
VAQA,vaqa.co.uk,AGENCY,1800.0,600.0,intro,3588.0,1788.0,0,178800,,0.0,0,0.0
Jose Carlos,gmail.com,AGENCY,2388.0,75.0,intro,3588.0,1200.0,0,179325,,0.0,0,0.0
DEPT,deptagency.com,AGENCY,12288.0,3159.0,intro,3588.0,-8700.0,0,176241,scale,12288.0,508800,1225641.0
commercetools - CPG & Retail,commercetools.com,AGENCY,1068.0,36.0,intro,3588.0,2520.0,0,179364,,0.0,0,0.0
Jitter,jitter.video,IN_HOUSE,1068.0,30.0,starter,1068.0,0.0,0,53370,,0.0,0,0.0
HowToSaaS,howtosaas.com,AGENCY,1080.0,75.0,intro,3588.0,2508.0,0,179325,,0.0,0,0.0
got bag,got-bag.com,IN_HOUSE,1068.0,15.0,starter,1068.0,0.0,0,53385,,0.0,0,0.0
Laptops.dk,laptops.dk,IN_HOUSE,1068.0,51.0,starter,1068.0,0.0,0,53349,,0.0,0,0.0
Mito,mito.hu,AGENCY,194400.0,5169.0,intro,3588.0,-190812.0,0,174231,scale,194400.0,18720000,19434831.0
eisbach-text,eisbach-text.de,IN_HOUSE,1068.0,18.0,starter,1068.0,0.0,0,53382,,0.0,0,0.0
Carglass,carglass.de,IN_HOUSE,2388.0,255.0,starter,1068.0,-1320.0,0,53145,starter,2388.0,66000,119145.0
QLINT,qlint.fr,AGENCY,1068.0,48.0,intro,3588.0,2520.0,0,179352,,0.0,0,0.0
Aperitif,aperitifagency.com.au,AGENCY,2388.0,63.0,intro,3588.0,1200.0,0,179337,,0.0,0,0.0
7aeo,7aeo.com,AGENCY,400.08,300.0,intro,3588.0,3187.92,0,179100,,0.0,0,0.0
Appleby Global,applebyglobal.com,IN_HOUSE,24348.0,15.0,starter,1068.0,-23280.0,0,53385,enterprise,24348.0,1836000,2434785.0
Inscope Agency,inscope.agency,AGENCY,2388.0,252.0,intro,3588.0,1200.0,0,179148,,0.0,0,0.0
OsmoFresh,osmofresh.de,IN_HOUSE,1068.0,24.0,starter,1068.0,0.0,0,53376,,0.0,0,0.0
WachstumsWerkstatt,wachstumswerkstatt.com,AGENCY,3138.0,180.0,intro,3588.0,450.0,0,179220,,0.0,0,0.0
Get Found Digital,domo.com,AGENCY,5988.0,900.0,intro,3588.0,-2400.0,0,178500,intro,5988.0,120000,298500.0
Built In,builtin.com,IN_HOUSE,1068.0,63.0,starter,1068.0,0.0,0,53337,,0.0,0,0.0
upvotemarketing.com,upvotemarketing.com,IN_HOUSE,2388.0,0.0,starter,1068.0,-1320.0,0,53400,starter,2388.0,66000,119400.0
Digital Leverage,digitalleverage.ch,AGENCY,720.0,237.0,intro,3588.0,2868.0,0,179163,,0.0,0,0.0
Solsten,solsten.io,IN_HOUSE,1068.0,63.0,starter,1068.0,0.0,0,53337,,0.0,0,0.0
Phyusion,phyusion.com,IN_HOUSE,1068.0,30.0,starter,1068.0,0.0,0,53370,,0.0,0,0.0
stop Looking,stoplooking.de,AGENCY,1068.0,69.0,intro,3588.0,2520.0,0,179331,,0.0,0,0.0
neusta,neusta.de,AGENCY,1068.0,75.0,intro,3588.0,2520.0,0,179325,,0.0,0,0.0
Design Sauce Studio,sauuuce.com,AGENCY,1068.0,75.0,intro,3588.0,2520.0,0,179325,,0.0,0,0.0
WuXi AppTec,wuxiapptec.com,IN_HOUSE,1068.0,42.0,starter,1068.0,0.0,0,53358,,0.0,0,0.0
4based,4based.com,IN_HOUSE,1068.0,30.0,starter,1068.0,0.0,0,53370,,0.0,0,0.0
Boldare,boldare.com,IN_HOUSE,1440.0,90.0,starter,1068.0,-372.0,0,53310,starter,1440.0,18600,71910.0
Treuenfels,treuenfels-personalberatung.com,IN_HOUSE,1068.0,42.0,starter,1068.0,0.0,0,53358,,0.0,0,0.0
American Songwriter,americansongwriter.com,IN_HOUSE,1068.0,18.0,starter,1068.0,0.0,0,53382,,0.0,0,0.0
Skycoach,skycoach.gg,IN_HOUSE,2724.0,225.0,starter,1068.0,-1656.0,0,53175,starter,2724.0,82800,135975.0
Balani Custom Clothiers,balanicustom.com,IN_HOUSE,1068.0,75.0,starter,1068.0,0.0,0,53325,,0.0,0,0.0
Enhesa,enhesa.com,IN_HOUSE,1068.0,75.0,starter,1068.0,0.0,0,53325,,0.0,0,0.0
SEMTRIX GmbH,semtrix.de,AGENCY,1068.0,150.0,intro,3588.0,2520.0,0,179250,,0.0,0,0.0
DataDome,datadome.co,IN_HOUSE,2976.0,400.0,starter,1068.0,-1908.0,0,53000,starter,2976.0,95400,148400.0
Holtzbrinck Buchverlage GmbH,holtzbrinck-buchverlage.de,AGENCY,2388.0,240.0,intro,3588.0,1200.0,0,179160,,0.0,0,0.0
Dusens,dusens.group,AGENCY,1068.0,39.0,intro,3588.0,2520.0,0,179361,,0.0,0,0.0
Advice Agency,adviceagency.com,AGENCY,597.0,0.0,intro,3588.0,2991.0,0,179400,,0.0,0,0.0
Jaywing,jaywing.com.au,AGENCY,1194.0,27.0,intro,3588.0,2394.0,0,179373,,0.0,0,0.0
lehof,lehof.de,AGENCY,1080.0,81.0,intro,3588.0,2508.0,0,179319,,0.0,0,0.0
Velaspan,velaspan.com,IN_HOUSE,1068.0,66.0,starter,1068.0,0.0,0,53334,,0.0,0,0.0
Check24,check24.de,IN_HOUSE,720.0,78.0,starter,1068.0,348.0,0,53322,,0.0,0,0.0
Flow Agency,flow-agency.com,AGENCY,1080.0,227.0,intro,3588.0,2508.0,0,179173,,0.0,0,0.0
Hearts & Science,hearts-science.com,AGENCY,18000.0,2010.0,intro,3588.0,-14412.0,0,177390,scale,18000.0,1080000,1797990.0
TCF,tcf.team,IN_HOUSE,900.0,198.0,starter,1068.0,168.0,0,53202,,0.0,0,0.0
morefire,more-fire.com,AGENCY,1080.0,60.0,intro,3588.0,2508.0,0,179340,,0.0,0,0.0
RunThrough,runthrough.com,IN_HOUSE,1068.0,36.0,starter,1068.0,0.0,0,53364,,0.0,0,0.0
UneeQ,digitalhumans.com,IN_HOUSE,1068.0,75.0,starter,1068.0,0.0,0,53325,,0.0,0,0.0
Reedsy,reedsy.com,IN_HOUSE,2388.0,300.0,starter,1068.0,-1320.0,0,53100,starter,2388.0,66000,119100.0
TEAM99,team99.it,AGENCY,1068.0,18.0,intro,3588.0,2520.0,0,179382,,0.0,0,0.0
Radyant,radyant.de,AGENCY,600.0,258.0,intro,3588.0,2988.0,0,179142,,0.0,0,0.0
Digitalkeys,digitalkeys.fr,AGENCY,1194.0,102.0,intro,3588.0,2394.0,0,179298,,0.0,0,0.0
Yogo,yogo.dk,IN_HOUSE,2388.0,231.0,starter,1068.0,-1320.0,0,53169,starter,2388.0,66000,119169.0
Nord Security,nordsecurity.com,IN_HOUSE,2388.0,297.0,starter,1068.0,-1320.0,0,53103,starter,2388.0,66000,119103.0
Boxhub,boxhub.com,IN_HOUSE,1068.0,15.0,starter,1068.0,0.0,0,53385,,0.0,0,0.0
casacore,casacore.io,AGENCY,1068.0,6.0,intro,3588.0,2520.0,0,179394,,0.0,0,0.0
Circle,circle.so,IN_HOUSE,2388.0,300.0,starter,1068.0,-1320.0,0,53100,starter,2388.0,66000,119100.0
Mint Position,mintposition.co,AGENCY,449.76,450.0,intro,3588.0,3138.24,0,178950,,0.0,0,0.0
DJE,dje.de,IN_HOUSE,2388.0,57.0,starter,1068.0,-1320.0,0,53343,starter,2388.0,66000,119343.0
Help Scout,helpscout.com,IN_HOUSE,1068.0,75.0,starter,1068.0,0.0,0,53325,,0.0,0,0.0
Growth Partners,growthpartners.co.nz,IN_HOUSE,1068.0,186.0,starter,1068.0,0.0,0,53214,,0.0,0,0.0
Results Driven Marketing,yourgooglegirls.com,AGENCY,2388.0,30.0,intro,3588.0,1200.0,0,179370,,0.0,0,0.0
spektr,spektr.com,IN_HOUSE,1068.0,75.0,starter,1068.0,0.0,0,53325,,0.0,0,0.0
liveflow,liveflow.com,IN_HOUSE,2388.0,300.0,starter,1068.0,-1320.0,0,53100,starter,2388.0,66000,119100.0
Engel & Völkers,engelvoelkers.com,IN_HOUSE,3498.0,87.0,starter,1068.0,-2430.0,0,53313,pro,3498.0,38250,262263.0
Travellers Society,travellers-society.com,AGENCY,597.0,132.0,intro,3588.0,2991.0,0,179268,,0.0,0,0.0
Attruby,attruby.com,IN_HOUSE,2388.0,15.0,starter,1068.0,-1320.0,0,53385,starter,2388.0,66000,119385.0
Bray Leino,brayleino.co.uk,AGENCY,4776.0,459.0,intro,3588.0,-1188.0,0,178941,intro,4776.0,59400,238341.0
Axial,axial.net,IN_HOUSE,1080.0,57.0,starter,1068.0,-12.0,0,53343,starter,1080.0,600,53943.0
Kamil Havlicek,kamilhavlicek.com,AGENCY,1068.0,3.0,intro,3588.0,2520.0,0,179397,,0.0,0,0.0
Catchfire,catchfire.co,AGENCY,1068.0,48.0,intro,3588.0,2520.0,0,179352,,0.0,0,0.0
diginea GmbH,diginea.de,AGENCY,1068.0,18.0,intro,3588.0,2520.0,0,179382,,0.0,0,0.0
BODi,bodi.com,IN_HOUSE,2388.0,174.0,starter,1068.0,-1320.0,0,53226,starter,2388.0,66000,119226.0
Stanbridge University,stanbridge.edu,IN_HOUSE,1068.0,51.0,starter,1068.0,0.0,0,53349,,0.0,0,0.0
Strise,strise.ai,IN_HOUSE,2388.0,294.0,starter,1068.0,-1320.0,0,53106,starter,2388.0,66000,119106.0
Neustadt Agentur AG,neustadt.swiss,AGENCY,1068.0,75.0,intro,3588.0,2520.0,0,179325,,0.0,0,0.0
finmid,finmid.com,IN_HOUSE,1068.0,60.0,starter,1068.0,0.0,0,53340,,0.0,0,0.0
Cimenio GmbH,cimenio.com,AGENCY,1068.0,30.0,intro,3588.0,2520.0,0,179370,,0.0,0,0.0
CloudAMQP,cloudamqp.com,IN_HOUSE,1068.0,45.0,starter,1068.0,0.0,0,53355,,0.0,0,0.0
Mailtrap,mailtrap.io,IN_HOUSE,2976.0,184.0,starter,1068.0,-1908.0,0,53216,starter,2976.0,95400,148616.0
Home365,home365.co,IN_HOUSE,1440.0,150.0,starter,1068.0,-372.0,0,53250,starter,1440.0,18600,71850.0
LMO7,lmo7.com,AGENCY,1068.0,129.0,intro,3588.0,2520.0,0,179271,,0.0,0,0.0
skedda.com,skedda.com,IN_HOUSE,2388.0,300.0,starter,1068.0,-1320.0,0,53100,starter,2388.0,66000,119100.0
Elevate Wellness and Med Spa,elevatewellmedspa.com,IN_HOUSE,1068.0,30.0,starter,1068.0,0.0,0,53370,,0.0,0,0.0
Lotuscrafts,lotuscrafts.com,IN_HOUSE,1068.0,45.0,starter,1068.0,0.0,0,53355,,0.0,0,0.0
LANDR,landr.com,IN_HOUSE,2400.0,153.0,starter,1068.0,-1332.0,0,53247,starter,2400.0,66600,119847.0
TJ Digital,tjrobertson.com,AGENCY,600.0,3173.0,intro,3588.0,2988.0,0,176227,,0.0,0,0.0
chatmarks,chatmarks.de,IN_HOUSE,1068.0,75.0,starter,1068.0,0.0,0,53325,,0.0,0,0.0
GTPZero,gptzero.me,IN_HOUSE,2388.0,57.0,starter,1068.0,-1320.0,0,53343,starter,2388.0,66000,119343.0
Henning Heesen & Company®,henningheesen.com,IN_HOUSE,1080.0,3.0,starter,1068.0,-12.0,0,53397,starter,1080.0,600,53997.0
Fotocasa,fotocasa.es,IN_HOUSE,14328.0,60.0,starter,1068.0,-13260.0,0,53340,enterprise,14328.0,834000,1432740.0
Genie AI,genieai.co,IN_HOUSE,1068.0,75.0,starter,1068.0,0.0,0,53325,,0.0,0,0.0
Antler,antler.co,IN_HOUSE,1068.0,147.0,starter,1068.0,0.0,0,53253,,0.0,0,0.0
PolicyMe,policyme.com,IN_HOUSE,1296.0,100.0,starter,1068.0,-228.0,0,53300,starter,1296.0,11400,64700.0
Agendrix,agendrix.com,IN_HOUSE,1068.0,72.0,starter,1068.0,0.0,0,53328,,0.0,0,0.0
One Click Marketing,seooneclick.com,AGENCY,597.0,246.0,intro,3588.0,2991.0,0,179154,,0.0,0,0.0
UpXcale,upxcale.de,IN_HOUSE,1068.0,75.0,starter,1068.0,0.0,0,53325,,0.0,0,0.0
Kinesso,kinesso.com,AGENCY,2388.0,300.0,intro,3588.0,1200.0,0,179100,,0.0,0,0.0
Italki,italki.com,IN_HOUSE,1068.0,267.0,starter,1068.0,0.0,0,53133,,0.0,0,0.0
eology,eology.de,AGENCY,3108.0,633.0,intro,3588.0,480.0,0,178767,,0.0,0,0.0
EdgeAngel,edgeangel.com,AGENCY,1068.0,36.0,intro,3588.0,2520.0,0,179364,,0.0,0,0.0
Siteground,siteground.com,IN_HOUSE,24348.0,123.0,starter,1068.0,-23280.0,0,53277,enterprise,24348.0,1836000,2434677.0
Revenera,revenera.com,IN_HOUSE,2388.0,120.0,starter,1068.0,-1320.0,0,53280,starter,2388.0,66000,119280.0
Jung von Matt IMPACT,jvmimpact.ch,AGENCY,1791.0,195.0,intro,3588.0,1797.0,0,179205,,0.0,0,0.0
HarrySid,harrysid.co.za,IN_HOUSE,1068.0,48.0,starter,1068.0,0.0,0,53352,,0.0,0,0.0
Corporate Apartment Group ,tcagroup.co.za,IN_HOUSE,1068.0,33.0,starter,1068.0,0.0,0,53367,,0.0,0,0.0
Handl,super.site,IN_HOUSE,2388.0,14.0,starter,1068.0,-1320.0,0,53386,starter,2388.0,66000,119386.0
RIEGG,riegg.com,AGENCY,1194.0,150.0,intro,3588.0,2394.0,0,179250,,0.0,0,0.0
Techem ,techem.de,IN_HOUSE,1068.0,51.0,starter,1068.0,0.0,0,53349,,0.0,0,0.0
AKT London ,aktlondon.com,IN_HOUSE,1068.0,21.0,starter,1068.0,0.0,0,53379,,0.0,0,0.0
FL Studio,image-line.com,IN_HOUSE,1068.0,105.0,starter,1068.0,0.0,0,53295,,0.0,0,0.0
Journey Further,joruneyfurther.com,AGENCY,2388.0,261.0,intro,3588.0,1200.0,0,179139,,0.0,0,0.0
Kalasar GmbH,kalasar.com,IN_HOUSE,1068.0,36.0,starter,1068.0,0.0,0,53364,,0.0,0,0.0
Abax,abax.com,IN_HOUSE,2388.0,300.0,starter,1068.0,-1320.0,0,53100,starter,2388.0,66000,119100.0
SEOlyse,seolyse.de,AGENCY,1080.0,147.0,intro,3588.0,2508.0,0,179253,,0.0,0,0.0
Scoular,scoular.com,IN_HOUSE,2388.0,15.0,starter,1068.0,-1320.0,0,53385,starter,2388.0,66000,119385.0
20minutes,20min.ch,IN_HOUSE,720.0,264.0,starter,1068.0,348.0,0,53136,,0.0,0,0.0
Paddle Creative,paddlecreative.co.uk,AGENCY,1068.0,36.0,intro,3588.0,2520.0,0,179364,,0.0,0,0.0
Cut Inside,cutinside.com,AGENCY,480.0,204.0,intro,3588.0,3108.0,0,179196,,0.0,0,0.0
Parfois,parfois.com,IN_HOUSE,1068.0,60.0,starter,1068.0,0.0,0,53340,,0.0,0,0.0
Pure Visibility,purevisibility.com,AGENCY,1068.0,351.0,intro,3588.0,2520.0,0,179049,,0.0,0,0.0
DCAcar,dcacar.com,IN_HOUSE,4512.0,792.0,starter,1068.0,-3444.0,0,52608,pro,4512.0,114300,337608.0
QualityLogic,qualitylogic.com,IN_HOUSE,1068.0,39.0,starter,1068.0,0.0,0,53361,,0.0,0,0.0
omnisend,omnisend.com,IN_HOUSE,1440.0,168.0,starter,1068.0,-372.0,0,53232,starter,1440.0,18600,71832.0
We Venture,weventure.de,AGENCY,1194.0,141.0,intro,3588.0,2394.0,0,179259,,0.0,0,0.0
UNESCO,unesco.org,IN_HOUSE,59640.0,1500.0,starter,1068.0,-58572.0,0,51900,enterprise,59640.0,5365200,5962500.0
Digi-Express Digital Marketing,digi-express.co.za,AGENCY,1194.0,300.0,intro,3588.0,2394.0,0,179100,,0.0,0,0.0
outmove,outmove.xyz,AGENCY,1080.0,24.0,intro,3588.0,2508.0,0,179376,,0.0,0,0.0
Outrank,outrank.se,AGENCY,2388.0,183.0,intro,3588.0,1200.0,0,179217,,0.0,0,0.0
Digital First Marketing Group ,dfmg.cz,AGENCY,1068.0,63.0,intro,3588.0,2520.0,0,179337,,0.0,0,0.0
Shopify SEO,shopify-seo.de,AGENCY,1194.0,198.0,intro,3588.0,2394.0,0,179202,,0.0,0,0.0
involve.me,involve.me,IN_HOUSE,1068.0,63.0,starter,1068.0,0.0,0,53337,,0.0,0,0.0
PosterMyWall,postermywall.com,IN_HOUSE,1068.0,75.0,starter,1068.0,0.0,0,53325,,0.0,0,0.0
BOXT,boxt.co.uk,IN_HOUSE,1068.0,54.0,starter,1068.0,0.0,0,53346,,0.0,0,0.0
Dig Insights,diginsights.com,IN_HOUSE,1080.0,75.0,starter,1068.0,-12.0,0,53325,starter,1080.0,600,53925.0
Mister Spex,misterspex.de,IN_HOUSE,1068.0,75.0,starter,1068.0,0.0,0,53325,,0.0,0,0.0
Mayko,mayko.pl,AGENCY,238.8,147.0,intro,3588.0,3349.2,0,179253,,0.0,0,0.0
Tax Defense Network,taxdefensenetwork.com,IN_HOUSE,2268.0,120.0,starter,1068.0,-1200.0,0,53280,starter,2268.0,60000,113280.0
Jacob McMillen,jacobmcmillen.com,AGENCY,2388.0,75.0,intro,3588.0,1200.0,0,179325,,0.0,0,0.0
Contrast,getcontrast.io,IN_HOUSE,1068.0,60.0,starter,1068.0,0.0,0,53340,,0.0,0,0.0
DYNO,heydyno.de,IN_HOUSE,1068.0,75.0,starter,1068.0,0.0,0,53325,,0.0,0,0.0
Britt Bischoff,brittbischoff.com,AGENCY,1068.0,75.0,intro,3588.0,2520.0,0,179325,,0.0,0,0.0
R2,r2.fr,AGENCY,1194.0,0.0,intro,3588.0,2394.0,0,179400,,0.0,0,0.0
Ontra,ontra.ai,IN_HOUSE,1068.0,69.0,starter,1068.0,0.0,0,53331,,0.0,0,0.0
Peak Ace,peakace.agency,AGENCY,15600.0,4501.0,intro,3588.0,-12012.0,0,174899,scale,15600.0,840000,1555499.0
Olive & Company,oliveandcompany.com,AGENCY,1068.0,75.0,intro,3588.0,2520.0,0,179325,,0.0,0,0.0
allink,allink.ch,AGENCY,1068.0,60.0,intro,3588.0,2520.0,0,179340,,0.0,0,0.0
Smarty Marketing,smarty.marketing,AGENCY,1068.0,24.0,intro,3588.0,2520.0,0,179376,,0.0,0,0.0
Semji,semji.com,IN_HOUSE,4650.0,507.0,starter,1068.0,-3582.0,0,52893,pro,4650.0,124650,348243.0
Rebel Cause Digital,rebelcausedigital.com,AGENCY,1068.0,267.0,intro,3588.0,2520.0,0,179133,,0.0,0,0.0
Inter-dev,inter-dev.co.il,AGENCY,1068.0,60.0,intro,3588.0,2520.0,0,179340,,0.0,0,0.0
FGS Global (Europe),fgsglobal.com,AGENCY,5988.0,759.0,intro,3588.0,-2400.0,0,178641,intro,5988.0,120000,298641.0
Calashock,calashock.com,AGENCY,1068.0,45.0,intro,3588.0,2520.0,0,179355,,0.0,0,0.0
Tiying Zhao,sparkware.us,AGENCY,1068.0,15.0,intro,3588.0,2520.0,0,179385,,0.0,0,0.0
PIABO,piabo.net,AGENCY,2388.0,108.0,intro,3588.0,1200.0,0,179292,,0.0,0,0.0
Leapsly,leapsly.com,AGENCY,1068.0,36.0,intro,3588.0,2520.0,0,179364,,0.0,0,0.0
AiPrise,aiprise.com,IN_HOUSE,1068.0,75.0,starter,1068.0,0.0,0,53325,,0.0,0,0.0
Rep.ai,rep.ai,IN_HOUSE,1068.0,24.0,starter,1068.0,0.0,0,53376,,0.0,0,0.0
MED-EL,medel.com,IN_HOUSE,1068.0,21.0,starter,1068.0,0.0,0,53379,,0.0,0,0.0
Biggie - CHFR,biggie.co,AGENCY,3456.0,657.0,intro,3588.0,132.0,0,178743,,0.0,0,0.0
Airfleet,airfleet.co,IN_HOUSE,600.0,189.0,starter,1068.0,468.0,0,53211,,0.0,0,0.0
HiveMQ,hivemq.com,IN_HOUSE,2388.0,72.0,starter,1068.0,-1320.0,0,53328,starter,2388.0,66000,119328.0
Lick,lick.com,IN_HOUSE,1068.0,69.0,starter,1068.0,0.0,0,53331,,0.0,0,0.0
GVB,gvb.ch,IN_HOUSE,1068.0,57.0,starter,1068.0,0.0,0,53343,,0.0,0,0.0
Quicklizard,quicklizard.com,IN_HOUSE,1440.0,90.0,starter,1068.0,-372.0,0,53310,starter,1440.0,18600,71910.0
Technical creatives,technicalcreatives.com,AGENCY,212.28,153.0,intro,3588.0,3375.72,0,179247,,0.0,0,0.0
AlertMedia,alertmedia.com,IN_HOUSE,2388.0,180.0,starter,1068.0,-1320.0,0,53220,starter,2388.0,66000,119220.0
PARK 7,park-sieben.com,IN_HOUSE,1194.0,159.0,starter,1068.0,-126.0,0,53241,starter,1194.0,6300,59541.0
GrowRoom,growroom.agency,AGENCY,8268.0,1506.0,intro,3588.0,-4680.0,0,177894,scale,8268.0,106800,825294.0
EOM.de,eom.de,AGENCY,3456.0,99.0,intro,3588.0,132.0,0,179301,,0.0,0,0.0
YOYABA,smoobu.com,AGENCY,720.0,255.0,intro,3588.0,2868.0,0,179145,,0.0,0,0.0
Maschinensucher,maschinensucher.de,IN_HOUSE,1068.0,66.0,starter,1068.0,0.0,0,53334,,0.0,0,0.0
Aikido Security,aikido.dev,IN_HOUSE,3588.0,1320.0,starter,1068.0,-2520.0,0,52080,pro,3588.0,45000,267780.0
Signalchecker,signalchecker.co.uk,IN_HOUSE,1068.0,15.0,starter,1068.0,0.0,0,53385,,0.0,0,0.0
Exportarts,exportarts.io,AGENCY,1068.0,75.0,intro,3588.0,2520.0,0,179325,,0.0,0,0.0
CFOshare,cfoshare.org,IN_HOUSE,1068.0,72.0,starter,1068.0,0.0,0,53328,,0.0,0,0.0
Unic AG,unic.com,AGENCY,1068.0,75.0,intro,3588.0,2520.0,0,179325,,0.0,0,0.0
TRES Finance,tres.finance,IN_HOUSE,2388.0,400.0,starter,1068.0,-1320.0,0,53000,starter,2388.0,66000,119000.0
Digital Sisco,digitalsisco.com,AGENCY,4176.0,654.0,intro,3588.0,-588.0,0,178746,intro,4176.0,29400,208146.0
Zenoti,zenoti.com,IN_HOUSE,1068.0,15.0,starter,1068.0,0.0,0,53385,,0.0,0,0.0
projx,projx.de,AGENCY,1080.0,105.0,intro,3588.0,2508.0,0,179295,,0.0,0,0.0
Ph,ph.com,AGENCY,3336.0,600.0,intro,3588.0,252.0,0,178800,,0.0,0,0.0
Connextek,connextek.ca,IN_HOUSE,1068.0,30.0,starter,1068.0,0.0,0,53370,,0.0,0,0.0
SimplePractice,simplepractice.com,IN_HOUSE,2388.0,300.0,starter,1068.0,-1320.0,0,53100,starter,2388.0,66000,119100.0
My Social Practice,mysocialpractice.com,AGENCY,1068.0,75.0,intro,3588.0,2520.0,0,179325,,0.0,0,0.0
Photohuman,photohuman.space,IN_HOUSE,1068.0,21.0,starter,1068.0,0.0,0,53379,,0.0,0,0.0
Movavi,movavi.com,IN_HOUSE,2724.0,189.0,starter,1068.0,-1656.0,0,53211,starter,2724.0,82800,136011.0
Measurlabs,measurlabs.com,IN_HOUSE,2388.0,279.0,starter,1068.0,-1320.0,0,53121,starter,2388.0,66000,119121.0
Tommy Delorme,tommydelorme.com,AGENCY,1068.0,60.0,intro,3588.0,2520.0,0,179340,,0.0,0,0.0
Warren Digital,warrendigital.com.au,AGENCY,1068.0,15.0,intro,3588.0,2520.0,0,179385,,0.0,0,0.0
firstmotion.com,firstmotion.com,AGENCY,1194.0,102.0,intro,3588.0,2394.0,0,179298,,0.0,0,0.0
Slash Digital,slash.de,AGENCY,1017.6,750.0,intro,3588.0,2570.4,0,178650,,0.0,0,0.0
Cellgo,cellgo.io,IN_HOUSE,1068.0,75.0,starter,1068.0,0.0,0,53325,,0.0,0,0.0
Better Stack,betterstack.com,IN_HOUSE,2388.0,300.0,starter,1068.0,-1320.0,0,53100,starter,2388.0,66000,119100.0
Novopath,novopath.com,IN_HOUSE,9588.0,270.0,starter,1068.0,-8520.0,0,53130,enterprise,9588.0,360000,958530.0
Twenty-Eight,twenty-eight.agency,AGENCY,1068.0,150.0,intro,3588.0,2520.0,0,179250,,0.0,0,0.0
IBEX,ibex.co.th,AGENCY,1068.0,27.0,intro,3588.0,2520.0,0,179373,,0.0,0,0.0
Creatify,creatify.ai,IN_HOUSE,2388.0,75.0,starter,1068.0,-1320.0,0,53325,starter,2388.0,66000,119325.0
Sales Talent Inc.,salestalentinc.com,IN_HOUSE,1068.0,54.0,starter,1068.0,0.0,0,53346,,0.0,0,0.0
ActiveCampaign,activecampaign.com,IN_HOUSE,2388.0,12.0,starter,1068.0,-1320.0,0,53388,starter,2388.0,66000,119388.0
Unobravo,unobravo.com,IN_HOUSE,1068.0,75.0,starter,1068.0,0.0,0,53325,,0.0,0,0.0
Supademo,supademo.com,IN_HOUSE,1068.0,75.0,starter,1068.0,0.0,0,53325,,0.0,0,0.0
Orthomol,orthomol.com,IN_HOUSE,1068.0,75.0,starter,1068.0,0.0,0,53325,,0.0,0,0.0
HiPeople,hipeople.io,IN_HOUSE,1068.0,24.0,starter,1068.0,0.0,0,53376,,0.0,0,0.0
hipages Group,hipagessgroup.com.au,IN_HOUSE,2388.0,294.0,starter,1068.0,-1320.0,0,53106,starter,2388.0,66000,119106.0
Namespace,namespace.so,IN_HOUSE,1068.0,45.0,starter,1068.0,0.0,0,53355,,0.0,0,0.0
CAMPFIRE,camp-fire.jp,IN_HOUSE,1080.0,39.0,starter,1068.0,-12.0,0,53361,starter,1080.0,600,53961.0
Impactful Apartment Marketing,impactfulapartmentmarketing.com,IN_HOUSE,1872.0,402.0,starter,1068.0,-804.0,0,52998,starter,1872.0,40200,93198.0
BIT Capital,bitcap.com,IN_HOUSE,1068.0,15.0,starter,1068.0,0.0,0,53385,,0.0,0,0.0
Simpalm,simpalm.com,IN_HOUSE,1068.0,33.0,starter,1068.0,0.0,0,53367,,0.0,0,0.0
Tenity,tenity.com,IN_HOUSE,1068.0,75.0,starter,1068.0,0.0,0,53325,,0.0,0,0.0
pushpush.ai,pushpush.ai,AGENCY,1068.0,15.0,intro,3588.0,2520.0,0,179385,,0.0,0,0.0
Sam Ficek,samficek.com,AGENCY,1068.0,54.0,intro,3588.0,2520.0,0,179346,,0.0,0,0.0
Dash ,dash.app,IN_HOUSE,2388.0,177.0,starter,1068.0,-1320.0,0,53223,starter,2388.0,66000,119223.0
Media Intelligence,mediaintelligence.co.th,AGENCY,2388.0,33.0,intro,3588.0,1200.0,0,179367,,0.0,0,0.0
Omio,omio.com,IN_HOUSE,24348.0,183.0,starter,1068.0,-23280.0,0,53217,enterprise,24348.0,1836000,2434617.0
Singularity Digital,singularity.digital,AGENCY,1194.0,168.0,intro,3588.0,2394.0,0,179232,,0.0,0,0.0
Team 503,team-503.com,AGENCY,1068.0,114.0,intro,3588.0,2520.0,0,179286,,0.0,0,0.0
GenderGP,gendergp.com,IN_HOUSE,2388.0,297.0,starter,1068.0,-1320.0,0,53103,starter,2388.0,66000,119103.0
Kicksta,kicksta.co,IN_HOUSE,1068.0,18.0,starter,1068.0,0.0,0,53382,,0.0,0,0.0
MJBLabs,mjblabs.com,AGENCY,1068.0,54.0,intro,3588.0,2520.0,0,179346,,0.0,0,0.0
HLC,fue-hlc.com,IN_HOUSE,1068.0,27.0,starter,1068.0,0.0,0,53373,,0.0,0,0.0
AEO Sense,aeosense.com,AGENCY,2268.0,225.0,intro,3588.0,1320.0,0,179175,,0.0,0,0.0
Gentle Dental of New England,gentledental.com,IN_HOUSE,2388.0,18.0,starter,1068.0,-1320.0,0,53382,starter,2388.0,66000,119382.0
Sapphire Ventures,sapphireventures.com,IN_HOUSE,1068.0,57.0,starter,1068.0,0.0,0,53343,,0.0,0,0.0
Remitly,remitly.com,IN_HOUSE,57600.0,588.0,starter,1068.0,-56532.0,0,52812,enterprise,57600.0,5161200,5759412.0
Profit.co,profit.co,IN_HOUSE,2388.0,75.0,starter,1068.0,-1320.0,0,53325,starter,2388.0,66000,119325.0
Spaceshelf,spaceshelf.com,IN_HOUSE,1068.0,69.0,starter,1068.0,0.0,0,53331,,0.0,0,0.0
Operating,operating.app,IN_HOUSE,1068.0,75.0,starter,1068.0,0.0,0,53325,,0.0,0,0.0
Sabri,sabri.co.il,AGENCY,1068.0,75.0,intro,3588.0,2520.0,0,179325,,0.0,0,0.0
Issanka,issanka.com,AGENCY,1068.0,15.0,intro,3588.0,2520.0,0,179385,,0.0,0,0.0
Ziggy,ziggy.agency,AGENCY,1068.0,63.0,intro,3588.0,2520.0,0,179337,,0.0,0,0.0
Fitbod,fitbod.me,IN_HOUSE,2388.0,294.0,starter,1068.0,-1320.0,0,53106,starter,2388.0,66000,119106.0
G-Squared Interactive,gsqi.com,AGENCY,1068.0,75.0,intro,3588.0,2520.0,0,179325,,0.0,0,0.0
Betao,betao.se,IN_HOUSE,2388.0,291.0,starter,1068.0,-1320.0,0,53109,starter,2388.0,66000,119109.0
Vera,veraclinic.net,IN_HOUSE,2388.0,195.0,starter,1068.0,-1320.0,0,53205,starter,2388.0,66000,119205.0
Innovaxis Marketing,innovaxisinc.com,AGENCY,1068.0,102.0,intro,3588.0,2520.0,0,179298,,0.0,0,0.0
LeadsPlease,leadsplease.com,AGENCY,1068.0,18.0,intro,3588.0,2520.0,0,179382,,0.0,0,0.0
Zooka,zooka.fr,AGENCY,399.96,204.0,intro,3588.0,3188.04,0,179196,,0.0,0,0.0
Searchable ,besearchable.io,AGENCY,1194.0,294.0,intro,3588.0,2394.0,0,179106,,0.0,0,0.0
nozomi_takeuchi,imas-net.co.jp,AGENCY,1068.0,33.0,intro,3588.0,2520.0,0,179367,,0.0,0,0.0
Moonshot s.r.o.,moonshot.cz,AGENCY,720.0,300.0,intro,3588.0,2868.0,0,179100,,0.0,0,0.0
Innova Energie,innovaenergie.nl,IN_HOUSE,1068.0,75.0,starter,1068.0,0.0,0,53325,,0.0,0,0.0
Stryde,stryde.com,AGENCY,2388.0,222.0,intro,3588.0,1200.0,0,179178,,0.0,0,0.0
dilate,dilate.com.au,AGENCY,2262.0,348.0,intro,3588.0,1326.0,0,179052,,0.0,0,0.0
Frontegg,frontegg.com,IN_HOUSE,1344.0,100.0,starter,1068.0,-276.0,0,53300,starter,1344.0,13800,67100.0
Marks Uhren ,marks-uhren.de,IN_HOUSE,1068.0,66.0,starter,1068.0,0.0,0,53334,,0.0,0,0.0
liveconscious,weliveconscious.com,IN_HOUSE,1068.0,0.0,starter,1068.0,0.0,0,53400,,0.0,0,0.0
Bare,bare.com.au,IN_HOUSE,1068.0,75.0,starter,1068.0,0.0,0,53325,,0.0,0,0.0
shopify,shopify.com,IN_HOUSE,1068.0,33.0,starter,1068.0,0.0,0,53367,,0.0,0,0.0
PFH,pfh.de,IN_HOUSE,1068.0,27.0,starter,1068.0,0.0,0,53373,,0.0,0,0.0
Text In Church,textinchurch.com,IN_HOUSE,11028.0,24.0,starter,1068.0,-9960.0,0,53376,enterprise,11028.0,504000,1102776.0
M+R,mrss.com,AGENCY,1194.0,153.0,intro,3588.0,2394.0,0,179247,,0.0,0,0.0
agencia eleven,agenciaeleven.com,AGENCY,2400.0,504.0,intro,3588.0,1188.0,0,178896,,0.0,0,0.0
Plakos,plakos-akademie.de,IN_HOUSE,1080.0,75.0,starter,1068.0,-12.0,0,53325,starter,1080.0,600,53925.0
Prowly,prowly.com,IN_HOUSE,1068.0,75.0,starter,1068.0,0.0,0,53325,,0.0,0,0.0
Yango - Ads,yango-ads.com,AGENCY,1068.0,51.0,intro,3588.0,2520.0,0,179349,,0.0,0,0.0
Gorgias,gorgias.com,IN_HOUSE,1068.0,75.0,starter,1068.0,0.0,0,53325,,0.0,0,0.0
GAME ON,game-on-event.de,IN_HOUSE,1068.0,75.0,starter,1068.0,0.0,0,53325,,0.0,0,0.0
Spacedealer,spacedealer.de,AGENCY,799.92,198.0,intro,3588.0,2788.08,0,179202,,0.0,0,0.0
Lunar Ventures,lunar.vc,AGENCY,1068.0,21.0,intro,3588.0,2520.0,0,179379,,0.0,0,0.0
Mobile Club,mobile.club,IN_HOUSE,1068.0,66.0,starter,1068.0,0.0,0,53334,,0.0,0,0.0
Metrohm,metrohm.com,IN_HOUSE,2388.0,249.0,starter,1068.0,-1320.0,0,53151,starter,2388.0,66000,119151.0
Studiohawk,studiohawk.com.au,AGENCY,720.0,300.0,intro,3588.0,2868.0,0,179100,,0.0,0,0.0
Squarespace,squarespace.com,IN_HOUSE,2388.0,300.0,starter,1068.0,-1320.0,0,53100,starter,2388.0,66000,119100.0
Bild,bild.de,IN_HOUSE,2388.0,930.0,starter,1068.0,-1320.0,0,52470,starter,2388.0,66000,118470.0
CAQ AG,caq.de,IN_HOUSE,1068.0,75.0,starter,1068.0,0.0,0,53325,,0.0,0,0.0
Eskimoz,eskimoz.fr,AGENCY,720.0,447.0,intro,3588.0,2868.0,0,178953,,0.0,0,0.0
Singita,singita.com,IN_HOUSE,1068.0,42.0,starter,1068.0,0.0,0,53358,,0.0,0,0.0
Exodus,exodus.co.uk,IN_HOUSE,2388.0,90.0,starter,1068.0,-1320.0,0,53310,starter,2388.0,66000,119310.0
CLICKLIFT Online Marketing,clicklift.de,AGENCY,720.0,216.0,intro,3588.0,2868.0,0,179184,,0.0,0,0.0
Groundies,groundies.com,IN_HOUSE,1068.0,72.0,starter,1068.0,0.0,0,53328,,0.0,0,0.0
Civitatis ,civitatis.com,IN_HOUSE,2388.0,297.0,starter,1068.0,-1320.0,0,53103,starter,2388.0,66000,119103.0
Sonnenpark Hotel GmbH & Co. KG,sonnenpark.de,AGENCY,1068.0,66.0,intro,3588.0,2520.0,0,179334,,0.0,0,0.0
Cybay,cybay.de,AGENCY,1080.0,111.0,intro,3588.0,2508.0,0,179289,,0.0,0,0.0
Property Inspect,propertyinspect.com,IN_HOUSE,1068.0,33.0,starter,1068.0,0.0,0,53367,,0.0,0,0.0
Eden Data,edendata.com,IN_HOUSE,1656.0,24.0,starter,1068.0,-588.0,0,53376,starter,1656.0,29400,82776.0
Lenny Financial,lennyfinancial.ie,IN_HOUSE,1068.0,66.0,starter,1068.0,0.0,0,53334,,0.0,0,0.0
Proactive Media GmbH,proactive-media.de,AGENCY,1068.0,93.0,intro,3588.0,2520.0,0,179307,,0.0,0,0.0
Embeddable,embeddable.com,IN_HOUSE,1068.0,75.0,starter,1068.0,0.0,0,53325,,0.0,0,0.0
Boost Money,boost.money,IN_HOUSE,1068.0,18.0,starter,1068.0,0.0,0,53382,,0.0,0,0.0
get traction GmbH,gettraction.de,AGENCY,3336.0,204.0,intro,3588.0,252.0,0,179196,,0.0,0,0.0
Growth Plays,growthplays.com,AGENCY,8856.0,5523.0,intro,3588.0,-5268.0,0,173877,scale,8856.0,165600,880077.0
Boden,boden.com,IN_HOUSE,1068.0,21.0,starter,1068.0,0.0,0,53379,,0.0,0,0.0
Supio,supio.com,IN_HOUSE,1068.0,30.0,starter,1068.0,0.0,0,53370,,0.0,0,0.0
MADGE GmbH,madge.eu,AGENCY,1068.0,27.0,intro,3588.0,2520.0,0,179373,,0.0,0,0.0
rlvnt,rlvnt.de,AGENCY,3768.0,75.0,intro,3588.0,-180.0,0,179325,intro,3768.0,9000,188325.0
DataToBiz,datatobiz.com,IN_HOUSE,1068.0,63.0,starter,1068.0,0.0,0,53337,,0.0,0,0.0
Saltfish,saltfish.ai,IN_HOUSE,1068.0,3.0,starter,1068.0,0.0,0,53397,,0.0,0,0.0
Elaine Kuckertz,elainekuckertz.com,AGENCY,1068.0,15.0,intro,3588.0,2520.0,0,179385,,0.0,0,0.0
Kulturwerke Deutschland,kulturwerke-deutschland.de,IN_HOUSE,2388.0,282.0,starter,1068.0,-1320.0,0,53118,starter,2388.0,66000,119118.0
Sitemark,sitemark.com,IN_HOUSE,1068.0,15.0,starter,1068.0,0.0,0,53385,,0.0,0,0.0
move-elevator,paligo.com,AGENCY,720.0,309.0,intro,3588.0,2868.0,0,179091,,0.0,0,0.0
CJ SEO Consultancy,cjseo.com,AGENCY,477.6,171.0,intro,3588.0,3110.4,0,179229,,0.0,0,0.0
Fluents,fluents.ai,IN_HOUSE,1068.0,69.0,starter,1068.0,0.0,0,53331,,0.0,0,0.0
Foxglove,foxglove-partner.com,AGENCY,1068.0,33.0,intro,3588.0,2520.0,0,179367,,0.0,0,0.0
HawkSEM,hawksem.com,AGENCY,2136.0,42.0,intro,3588.0,1452.0,0,179358,,0.0,0,0.0
Gigs,gigs.com,IN_HOUSE,1068.0,24.0,starter,1068.0,0.0,0,53376,,0.0,0,0.0
Zebras,zebras.ventures,AGENCY,1068.0,15.0,intro,3588.0,2520.0,0,179385,,0.0,0,0.0
DbVisualizer,dbvis.com,IN_HOUSE,1068.0,75.0,starter,1068.0,0.0,0,53325,,0.0,0,0.0
Apohem,apohem.se,IN_HOUSE,1068.0,24.0,starter,1068.0,0.0,0,53376,,0.0,0,0.0
Gioielli di Valenza,gioiellidivalenza.com,AGENCY,1068.0,75.0,intro,3588.0,2520.0,0,179325,,0.0,0,0.0
MobileBoost,mobileboost.io,IN_HOUSE,1068.0,75.0,starter,1068.0,0.0,0,53325,,0.0,0,0.0
BotRank.ai,botrank.ai,IN_HOUSE,1068.0,36.0,starter,1068.0,0.0,0,53364,,0.0,0,0.0
Getfluence,getfluence.com,AGENCY,1080.0,75.0,intro,3588.0,2508.0,0,179325,,0.0,0,0.0
Digitale Konsorten,digitale-konsorten.de,AGENCY,1668.0,558.0,intro,3588.0,1920.0,0,178842,,0.0,0,0.0
gotoitcareer,gotoitcareer.com,IN_HOUSE,1068.0,51.0,starter,1068.0,0.0,0,53349,,0.0,0,0.0
10Web,10web.io,IN_HOUSE,1068.0,75.0,starter,1068.0,0.0,0,53325,,0.0,0,0.0
Simpplistic,simplistic.com,AGENCY,1068.0,243.0,intro,3588.0,2520.0,0,179157,,0.0,0,0.0
Arizona College of Nursing,arizonacollege.edu,IN_HOUSE,2388.0,81.0,starter,1068.0,-1320.0,0,53319,starter,2388.0,66000,119319.0
ScaleVisible,scalevisible.com,AGENCY,1068.0,198.0,intro,3588.0,2520.0,0,179202,,0.0,0,0.0
Saxo,home.saxo,IN_HOUSE,5988.0,747.0,starter,1068.0,-4920.0,0,52653,pro,5988.0,225000,448353.0
netzstrategen GmbH,netzstrategen.com,AGENCY,2388.0,300.0,intro,3588.0,1200.0,0,179100,,0.0,0,0.0
XBert,xbert.io,IN_HOUSE,1068.0,63.0,starter,1068.0,0.0,0,53337,,0.0,0,0.0
AKQA,akqa.com,AGENCY,1194.0,33.0,intro,3588.0,2394.0,0,179367,,0.0,0,0.0
Racing Post,racingpost.com,IN_HOUSE,2388.0,243.0,starter,1068.0,-1320.0,0,53157,starter,2388.0,66000,119157.0
Linktree,linktr.ee,IN_HOUSE,1068.0,63.0,starter,1068.0,0.0,0,53337,,0.0,0,0.0
Morgen,morgen.so,IN_HOUSE,2388.0,132.0,starter,1068.0,-1320.0,0,53268,starter,2388.0,66000,119268.0
IMPACT Commerce,impactcommerce.com,AGENCY,1068.0,60.0,intro,3588.0,2520.0,0,179340,,0.0,0,0.0
All Trades Cover,alltradescover.com.au,IN_HOUSE,1194.0,75.0,starter,1068.0,-126.0,0,53325,starter,1194.0,6300,59625.0
Multi Platform Content,mpc.one,AGENCY,2388.0,210.0,intro,3588.0,1200.0,0,179190,,0.0,0,0.0
LEVEL,level.agency,AGENCY,1080.0,30.0,intro,3588.0,2508.0,0,179370,,0.0,0,0.0
bexio,bexio.com,IN_HOUSE,1068.0,63.0,starter,1068.0,0.0,0,53337,,0.0,0,0.0
saas.group,addsearch.com,AGENCY,360.0,354.0,intro,3588.0,3228.0,0,179046,,0.0,0,0.0
iwoca,iwoca.co.uk,IN_HOUSE,2952.0,275.0,starter,1068.0,-1884.0,0,53125,starter,2952.0,94200,147325.0
HeyJobs,heyjobs.co,IN_HOUSE,2388.0,129.0,starter,1068.0,-1320.0,0,53271,starter,2388.0,66000,119271.0
HomeToGo,hometogo.de,IN_HOUSE,3120.0,585.0,starter,1068.0,-2052.0,0,52815,pro,3120.0,9900,233415.0
Swoop Digital,swoopdigital.com.au,AGENCY,1068.0,75.0,intro,3588.0,2520.0,0,179325,,0.0,0,0.0
Glide,glideapps.com,IN_HOUSE,1656.0,270.0,starter,1068.0,-588.0,0,53130,starter,1656.0,29400,82530.0
Clay Global,clay.global,IN_HOUSE,1068.0,54.0,starter,1068.0,0.0,0,53346,,0.0,0,0.0
SMM Deal Finder,smmdealfinder.com,IN_HOUSE,1068.0,15.0,starter,1068.0,0.0,0,53385,,0.0,0,0.0
TLDR,tldrthis.com,AGENCY,2388.0,15.0,intro,3588.0,1200.0,0,179385,,0.0,0,0.0
Superchat,superchat.com,IN_HOUSE,2388.0,276.0,starter,1068.0,-1320.0,0,53124,starter,2388.0,66000,119124.0
ALLESPRACHEN,allesprachen.at,IN_HOUSE,2388.0,150.0,starter,1068.0,-1320.0,0,53250,starter,2388.0,66000,119250.0
Seobuddha GmbH,seobuddha.de,AGENCY,399.96,156.0,intro,3588.0,3188.04,0,179244,,0.0,0,0.0
Anga,anga.co.th,AGENCY,997.92,345.0,intro,3588.0,2590.08,0,179055,,0.0,0,0.0
Steiner,steiner.de,IN_HOUSE,2388.0,297.0,starter,1068.0,-1320.0,0,53103,starter,2388.0,66000,119103.0
Zero,zero.inc,IN_HOUSE,1068.0,54.0,starter,1068.0,0.0,0,53346,,0.0,0,0.0
No Bad Days,nobaddaysdigital.com,AGENCY,3456.0,32.0,intro,3588.0,132.0,0,179368,,0.0,0,0.0
orgavision,orgavision.com,IN_HOUSE,1068.0,75.0,starter,1068.0,0.0,0,53325,,0.0,0,0.0
owlaw,owlaw.de,IN_HOUSE,1068.0,54.0,starter,1068.0,0.0,0,53346,,0.0,0,0.0
Tchibo,tchibo.de,IN_HOUSE,2388.0,180.0,starter,1068.0,-1320.0,0,53220,starter,2388.0,66000,119220.0
Spiegel,spiegel.de,IN_HOUSE,24348.0,207.0,starter,1068.0,-23280.0,0,53193,enterprise,24348.0,1836000,2434593.0
Steremat,steremat.de,IN_HOUSE,17280.0,90.0,starter,1068.0,-16212.0,0,53310,enterprise,17280.0,1129200,1727910.0
hr works,hrworks.de,IN_HOUSE,2388.0,207.0,starter,1068.0,-1320.0,0,53193,starter,2388.0,66000,119193.0
RaiseLaunch,raiselaunch.com,IN_HOUSE,1068.0,15.0,starter,1068.0,0.0,0,53385,,0.0,0,0.0
Growth X,growthx.ai,AGENCY,1068.0,15.0,intro,3588.0,2520.0,0,179385,,0.0,0,0.0
Exsitec,exsitec.se,AGENCY,1080.0,60.0,intro,3588.0,2508.0,0,179340,,0.0,0,0.0
ecosio,ecosio.com,IN_HOUSE,1068.0,75.0,starter,1068.0,0.0,0,53325,,0.0,0,0.0
vialytics GmbH,vialytics.de,IN_HOUSE,11028.0,75.0,starter,1068.0,-9960.0,0,53325,enterprise,11028.0,504000,1102725.0
Enyma,enyma.de,AGENCY,1080.0,63.0,intro,3588.0,2508.0,0,179337,,0.0,0,0.0
Semotion GmbH,semotion.de,AGENCY,1068.0,27.0,intro,3588.0,2520.0,0,179373,,0.0,0,0.0
Kiterocket ,kiterocket.com,AGENCY,1068.0,75.0,intro,3588.0,2520.0,0,179325,,0.0,0,0.0
Overlap,overlap.at,AGENCY,1068.0,150.0,intro,3588.0,2520.0,0,179250,,0.0,0,0.0
Remedico,remedico.app,IN_HOUSE,1068.0,39.0,starter,1068.0,0.0,0,53361,,0.0,0,0.0
digitalagenten,digitalagenten.com,AGENCY,1068.0,21.0,intro,3588.0,2520.0,0,179379,,0.0,0,0.0
Aaltra,aaltra.eu,IN_HOUSE,1068.0,48.0,starter,1068.0,0.0,0,53352,,0.0,0,0.0
Forward Progress,forwardprogress.net,AGENCY,2268.0,77.0,intro,3588.0,1320.0,0,179323,,0.0,0,0.0
Woww,woww.co.za,AGENCY,1194.0,219.0,intro,3588.0,2394.0,0,179181,,0.0,0,0.0
Eduki,eduki.com,IN_HOUSE,2388.0,75.0,starter,1068.0,-1320.0,0,53325,starter,2388.0,66000,119325.0
Rocket X,rocket-x.de,AGENCY,1068.0,75.0,intro,3588.0,2520.0,0,179325,,0.0,0,0.0
inara schreibt,inara-schreibt.de,AGENCY,1068.0,18.0,intro,3588.0,2520.0,0,179382,,0.0,0,0.0
Elegant Disruption,elegantdisruption.com,AGENCY,1791.0,255.0,intro,3588.0,1797.0,0,179145,,0.0,0,0.0
Alkimi,alkimi.org,AGENCY,2388.0,96.0,intro,3588.0,1200.0,0,179304,,0.0,0,0.0
Reputation House,reputation.house,AGENCY,1068.0,75.0,intro,3588.0,2520.0,0,179325,,0.0,0,0.0
WOXOW,woxow.com,AGENCY,1068.0,75.0,intro,3588.0,2520.0,0,179325,,0.0,0,0.0
navas & cusi,navascusi.com,IN_HOUSE,2388.0,153.0,starter,1068.0,-1320.0,0,53247,starter,2388.0,66000,119247.0
Nolte,nolte-kuechen.com,IN_HOUSE,1068.0,54.0,starter,1068.0,0.0,0,53346,,0.0,0,0.0
Integrity Energy,integrityenergy.com,IN_HOUSE,2388.0,600.0,starter,1068.0,-1320.0,0,52800,starter,2388.0,66000,118800.0
Catawiki,catawiki.com,IN_HOUSE,1194.0,120.0,starter,1068.0,-126.0,0,53280,starter,1194.0,6300,59580.0
Tourisme Mont-Tremblant,mont-tremblant.ca,IN_HOUSE,1068.0,21.0,starter,1068.0,0.0,0,53379,,0.0,0,0.0
mute-labs GmbH,mute-labs.com,IN_HOUSE,1068.0,141.0,starter,1068.0,0.0,0,53259,,0.0,0,0.0
Camedia,camedia.de,AGENCY,1194.0,39.0,intro,3588.0,2394.0,0,179361,,0.0,0,0.0
Skylight Digital,skylight-digital.co.za,AGENCY,1068.0,75.0,intro,3588.0,2520.0,0,179325,,0.0,0,0.0
Stradigi,stradigi.eu,AGENCY,600.0,132.0,intro,3588.0,2988.0,0,179268,,0.0,0,0.0
Paul Gordon,paulgordonseo.co.uk,AGENCY,714.0,87.0,intro,3588.0,2874.0,0,179313,,0.0,0,0.0
Pixel2,pixel2.ca,IN_HOUSE,1068.0,48.0,starter,1068.0,0.0,0,53352,,0.0,0,0.0
beFranz,befranz.at,AGENCY,1068.0,39.0,intro,3588.0,2520.0,0,179361,,0.0,0,0.0
Allô,withallo.com,IN_HOUSE,2388.0,39.0,starter,1068.0,-1320.0,0,53361,starter,2388.0,66000,119361.0
instructure,instructure.com,IN_HOUSE,1080.0,75.0,starter,1068.0,-12.0,0,53325,starter,1080.0,600,53925.0
Julien Maillard,unseco.org,AGENCY,597.0,0.0,intro,3588.0,2991.0,0,179400,,0.0,0,0.0
Take3,take3.io,AGENCY,159.96,354.0,intro,3588.0,3428.04,0,179046,,0.0,0,0.0
Kontent.ai,kontent.ai,IN_HOUSE,1068.0,75.0,starter,1068.0,0.0,0,53325,,0.0,0,0.0
Leroy Merlin Romania,leroymerlin.ro,AGENCY,1080.0,60.0,intro,3588.0,2508.0,0,179340,,0.0,0,0.0
Downtown Ecommerce,downtownecommerce.com,AGENCY,588.0,666.0,intro,3588.0,3000.0,0,178734,,0.0,0,0.0
Boost it GmbH,justboost.it,AGENCY,1068.0,150.0,intro,3588.0,2520.0,0,179250,,0.0,0,0.0
First Page Digital,firstpagedigital.sg,AGENCY,4425.0,747.0,intro,3588.0,-837.0,0,178653,intro,4425.0,41850,220503.0
Scribeless,scribeless.co,IN_HOUSE,1080.0,48.0,starter,1068.0,-12.0,0,53352,starter,1080.0,600,53952.0
Delta Protect,deltaprotect.com,IN_HOUSE,1068.0,57.0,starter,1068.0,0.0,0,53343,,0.0,0,0.0
add2,add2.de,AGENCY,720.0,543.0,intro,3588.0,2868.0,0,178857,,0.0,0,0.0
Yes.inc,yes.inc,AGENCY,3108.0,105.0,intro,3588.0,480.0,0,179295,,0.0,0,0.0
Forgematic,forgematic.com,AGENCY,597.0,111.0,intro,3588.0,2991.0,0,179289,,0.0,0,0.0
 STG Digital,stgltd.com,AGENCY,2388.0,51.0,intro,3588.0,1200.0,0,179349,,0.0,0,0.0
Digital Position,digitalposition.com,AGENCY,1560.0,122.0,intro,3588.0,2028.0,0,179278,,0.0,0,0.0
FGS Global,fgsglobal.com,AGENCY,2262.0,126.0,intro,3588.0,1326.0,0,179274,,0.0,0,0.0
Soldo,soldo.com,IN_HOUSE,1068.0,18.0,starter,1068.0,0.0,0,53382,,0.0,0,0.0
LaVita,lavita.com,IN_HOUSE,2388.0,368.0,starter,1068.0,-1320.0,0,53032,starter,2388.0,66000,119032.0
push,pushgroup.co.uk,AGENCY,238.8,168.0,intro,3588.0,3349.2,0,179232,,0.0,0,0.0
Suchhelden,suchhelden.de,AGENCY,720.0,1236.0,intro,3588.0,2868.0,0,178164,,0.0,0,0.0
Code Brew Labs,code-brew.com,IN_HOUSE,1068.0,36.0,starter,1068.0,0.0,0,53364,,0.0,0,0.0
idealo internet GmbH,idealo.de,IN_HOUSE,2388.0,294.0,starter,1068.0,-1320.0,0,53106,starter,2388.0,66000,119106.0
sandbech,sandbech.com,AGENCY,720.0,186.0,intro,3588.0,2868.0,0,179214,,0.0,0,0.0
минфин,minfin.com.ua,IN_HOUSE,1080.0,300.0,starter,1068.0,-12.0,0,53100,starter,1080.0,600,53700.0
Orchestra,orchestra.dk,AGENCY,2868.0,200.0,intro,3588.0,720.0,0,179200,,0.0,0,0.0
Simpro,simprogroup.com,IN_HOUSE,3456.0,375.0,starter,1068.0,-2388.0,0,53025,pro,3456.0,35100,258825.0
Liv Longevity Labs,liv.health,IN_HOUSE,1068.0,75.0,starter,1068.0,0.0,0,53325,,0.0,0,0.0
Noble,noblestudios.com,AGENCY,1068.0,0.0,intro,3588.0,2520.0,0,179400,,0.0,0,0.0
Myposter,myposter.de,IN_HOUSE,1800.0,1050.0,starter,1068.0,-732.0,0,52350,starter,1800.0,36600,88950.0
Betfair,betfair.es,IN_HOUSE,1068.0,75.0,starter,1068.0,0.0,0,53325,,0.0,0,0.0
Kombo,kombo.dev,IN_HOUSE,2388.0,75.0,starter,1068.0,-1320.0,0,53325,starter,2388.0,66000,119325.0
Blueprint,blueprint.ai,IN_HOUSE,1068.0,24.0,starter,1068.0,0.0,0,53376,,0.0,0,0.0
The Sonder Studio,thesonder.studio,AGENCY,1068.0,15.0,intro,3588.0,2520.0,0,179385,,0.0,0,0.0
Justin Coons,justincoons.com,AGENCY,6086.88,258.0,intro,3588.0,-2498.88,0,179142,growth,6086.88,7416,456258.0
Repool,repool.com,IN_HOUSE,1068.0,12.0,starter,1068.0,0.0,0,53388,,0.0,0,0.0
TRY AS,try.no,AGENCY,238.8,21.0,intro,3588.0,3349.2,0,179379,,0.0,0,0.0
co:listic GmbH,colistic.de,AGENCY,2388.0,36.0,intro,3588.0,1200.0,0,179364,,0.0,0,0.0
Ana Fernandez,anafernandezseo.com,AGENCY,1428.0,72.0,intro,3588.0,2160.0,0,179328,,0.0,0,0.0
Prey,preyproject.com,IN_HOUSE,2388.0,297.0,starter,1068.0,-1320.0,0,53103,starter,2388.0,66000,119103.0
Dwf,dwf.ro,AGENCY,1068.0,75.0,intro,3588.0,2520.0,0,179325,,0.0,0,0.0
SPA Deluxe GmbH,spadeluxe.de,IN_HOUSE,1068.0,75.0,starter,1068.0,0.0,0,53325,,0.0,0,0.0
StoreLens,storelens.ai,AGENCY,1068.0,75.0,intro,3588.0,2520.0,0,179325,,0.0,0,0.0
Cirklé,cirkleagency.com,IN_HOUSE,1068.0,54.0,starter,1068.0,0.0,0,53346,,0.0,0,0.0
jefit,jefit.com,IN_HOUSE,1068.0,75.0,starter,1068.0,0.0,0,53325,,0.0,0,0.0
Attio,attio.com,IN_HOUSE,1080.0,624.0,starter,1068.0,-12.0,0,52776,starter,1080.0,600,53376.0
Eland Cables,elandcables.com,IN_HOUSE,19584.0,135.0,starter,1068.0,-18516.0,0,53265,enterprise,19584.0,1359600,1958265.0
Echologger,echologger.com,IN_HOUSE,1068.0,36.0,starter,1068.0,0.0,0,53364,,0.0,0,0.0
Brand Affairs,brandaffairs.ch,IN_HOUSE,1068.0,60.0,starter,1068.0,0.0,0,53340,,0.0,0,0.0
Synthesia,synthesia.io,IN_HOUSE,1068.0,63.0,starter,1068.0,0.0,0,53337,,0.0,0,0.0
Basalt,getbasalt.ai,IN_HOUSE,1068.0,39.0,starter,1068.0,0.0,0,53361,,0.0,0,0.0
Masse,masse-seo.com,AGENCY,2520.0,678.0,intro,3588.0,1068.0,0,178722,,0.0,0,0.0
The Pegasus,thepegasus.app,IN_HOUSE,1068.0,21.0,starter,1068.0,0.0,0,53379,,0.0,0,0.0
Propellic,propellic.com,AGENCY,2100.0,1317.0,intro,3588.0,1488.0,0,178083,,0.0,0,0.0
EmberTribe,embertribe.com,AGENCY,912.0,27.0,intro,3588.0,2676.0,0,179373,,0.0,0,0.0
EffectiveSoft,effectivesoft.com,IN_HOUSE,2388.0,273.0,starter,1068.0,-1320.0,0,53127,starter,2388.0,66000,119127.0
Context Travel,contexttravel.com,IN_HOUSE,1068.0,75.0,starter,1068.0,0.0,0,53325,,0.0,0,0.0
RMA,rmanetwork.com,IN_HOUSE,1068.0,75.0,starter,1068.0,0.0,0,53325,,0.0,0,0.0
Hook,hook.co,IN_HOUSE,1068.0,63.0,starter,1068.0,0.0,0,53337,,0.0,0,0.0
Fitatu Sp. z o.o.,fitatu.com,IN_HOUSE,1068.0,75.0,starter,1068.0,0.0,0,53325,,0.0,0,0.0
Smart Lemon,smartlemon.de,AGENCY,448.44,375.0,intro,3588.0,3139.56,0,179025,,0.0,0,0.0
Something Inc.,somethinginc.com,AGENCY,210.0,657.0,intro,3588.0,3378.0,0,178743,,0.0,0,0.0
Komodor,komodor.io,IN_HOUSE,1068.0,57.0,starter,1068.0,0.0,0,53343,,0.0,0,0.0
ArticleHub,articlehub.ca,AGENCY,300.0,0.0,intro,3588.0,3288.0,0,179400,,0.0,0,0.0
Toasty Marketing,toastyai.pro,AGENCY,1068.0,66.0,intro,3588.0,2520.0,0,179334,,0.0,0,0.0
Vpnranks,vpnranks.com,IN_HOUSE,1068.0,24.0,starter,1068.0,0.0,0,53376,,0.0,0,0.0
SmashBrand,smashbrand.com,IN_HOUSE,2388.0,138.0,starter,1068.0,-1320.0,0,53262,starter,2388.0,66000,119262.0
Ellusion GmbH,ellusion.de,AGENCY,1068.0,9.0,intro,3588.0,2520.0,0,179391,,0.0,0,0.0
Sendoso,sendoso.com,IN_HOUSE,1068.0,75.0,starter,1068.0,0.0,0,53325,,0.0,0,0.0
iteratec GmbH,iteratec.com,IN_HOUSE,1068.0,63.0,starter,1068.0,0.0,0,53337,,0.0,0,0.0
Scratch,scratchmm.com,AGENCY,3456.0,117.0,intro,3588.0,132.0,0,179283,,0.0,0,0.0
QuotaPath,quotapath.com,IN_HOUSE,2388.0,297.0,starter,1068.0,-1320.0,0,53103,starter,2388.0,66000,119103.0
Red Freckles®,redfreckles.de,AGENCY,1068.0,69.0,intro,3588.0,2520.0,0,179331,,0.0,0,0.0
Profilwerkstatt GmbH,profilwerkstatt.de,AGENCY,1194.0,72.0,intro,3588.0,2394.0,0,179328,,0.0,0,0.0
Brandwatch,brandwatch.com,IN_HOUSE,2388.0,300.0,starter,1068.0,-1320.0,0,53100,starter,2388.0,66000,119100.0
Benjamin Kaim,benjamin-kaim.de,AGENCY,2388.0,282.0,intro,3588.0,1200.0,0,179118,,0.0,0,0.0
Agorapulse,agorapulse.com,IN_HOUSE,1068.0,57.0,starter,1068.0,0.0,0,53343,,0.0,0,0.0
younited,younited.de,IN_HOUSE,1068.0,75.0,starter,1068.0,0.0,0,53325,,0.0,0,0.0
Beyond Academy,beyondacademy.com,IN_HOUSE,1068.0,24.0,starter,1068.0,0.0,0,53376,,0.0,0,0.0
Benjamin Twichell,benjaminkimotwichell.com,AGENCY,1068.0,15.0,intro,3588.0,2520.0,0,179385,,0.0,0,0.0
Noi Labs,noilabs.com,AGENCY,1068.0,60.0,intro,3588.0,2520.0,0,179340,,0.0,0,0.0
apideck,apideck.com,IN_HOUSE,2388.0,231.0,starter,1068.0,-1320.0,0,53169,starter,2388.0,66000,119169.0
VOR Shoes,vor.shoes,IN_HOUSE,1068.0,66.0,starter,1068.0,0.0,0,53334,,0.0,0,0.0
Orchid,orchidhealth.com,IN_HOUSE,1068.0,75.0,starter,1068.0,0.0,0,53325,,0.0,0,0.0
SYNQ,synq.io,IN_HOUSE,1068.0,75.0,starter,1068.0,0.0,0,53325,,0.0,0,0.0
Dunham Law,dunhamlaw.com,IN_HOUSE,7320.0,1092.0,starter,1068.0,-6252.0,0,52308,enterprise,7320.0,133200,730908.0
Fight or Flight,fightorflight.com,AGENCY,1194.0,513.0,intro,3588.0,2394.0,0,178887,,0.0,0,0.0
Uxopian Software,uxopian.com,IN_HOUSE,1068.0,18.0,starter,1068.0,0.0,0,53382,,0.0,0,0.0
Coffee Circle,coffeecircle.com,IN_HOUSE,1536.0,66.0,starter,1068.0,-468.0,0,53334,starter,1536.0,23400,76734.0
Partnerize,partnerize.com,IN_HOUSE,2388.0,108.0,starter,1068.0,-1320.0,0,53292,starter,2388.0,66000,119292.0
BuildBetter,buildbetter.ai,IN_HOUSE,1440.0,87.0,starter,1068.0,-372.0,0,53313,starter,1440.0,18600,71913.0
Evergreen Media,evergreen.media,AGENCY,1200.0,1164.0,intro,3588.0,2388.0,0,178236,,0.0,0,0.0
Takeoff,takeoffnyc.com,AGENCY,1068.0,108.0,intro,3588.0,2520.0,0,179292,,0.0,0,0.0
Ada Ventures,adaventures.com,IN_HOUSE,1440.0,6.0,starter,1068.0,-372.0,0,53394,starter,1440.0,18600,71994.0
AKAD Bildungsgesellschaft mbH,akad.de,IN_HOUSE,2976.0,500.0,starter,1068.0,-1908.0,0,52900,starter,2976.0,95400,148300.0
Hurricane,hurricane media.co.uk,AGENCY,2388.0,96.0,intro,3588.0,1200.0,0,179304,,0.0,0,0.0
Momentum,momentum.io,IN_HOUSE,2976.0,388.0,starter,1068.0,-1908.0,0,53012,starter,2976.0,95400,148412.0
PREMIUM LEADS,premiumleads.com,AGENCY,2388.0,24.0,intro,3588.0,1200.0,0,179376,,0.0,0,0.0
NewMail AI,newmail.ai,IN_HOUSE,1068.0,54.0,starter,1068.0,0.0,0,53346,,0.0,0,0.0
Hiltzik Strategies,hstrategies.com,AGENCY,477.6,0.0,intro,3588.0,3110.4,0,179400,,0.0,0,0.0
Five9,five9.com,IN_HOUSE,1068.0,75.0,starter,1068.0,0.0,0,53325,,0.0,0,0.0
sehkraft Augenzentrum,sehkraft.de,AGENCY,1068.0,75.0,intro,3588.0,2520.0,0,179325,,0.0,0,0.0
Ad's up,ads-up.fr,AGENCY,3108.0,387.0,intro,3588.0,480.0,0,179013,,0.0,0,0.0
ranq.io,ranq.io,AGENCY,1068.0,45.0,intro,3588.0,2520.0,0,179355,,0.0,0,0.0
Plum,withplum.com,IN_HOUSE,2388.0,30.0,starter,1068.0,-1320.0,0,53370,starter,2388.0,66000,119370.0
FHNW,fhnw.ch,IN_HOUSE,2388.0,291.0,starter,1068.0,-1320.0,0,53109,starter,2388.0,66000,119109.0
Gelia,gelia.com,AGENCY,1068.0,102.0,intro,3588.0,2520.0,0,179298,,0.0,0,0.0
Binary Bear,binary-bear.com,AGENCY,1068.0,0.0,intro,3588.0,2520.0,0,179400,,0.0,0,0.0
Ship Angel,shipangel.com,IN_HOUSE,1068.0,75.0,starter,1068.0,0.0,0,53325,,0.0,0,0.0
Doctorsa,doctorsa.com,IN_HOUSE,1068.0,45.0,starter,1068.0,0.0,0,53355,,0.0,0,0.0
Mtb-news,mtb-news.de,IN_HOUSE,1068.0,33.0,starter,1068.0,0.0,0,53367,,0.0,0,0.0
Bleuet,bleuetgirl.com,IN_HOUSE,1068.0,75.0,starter,1068.0,0.0,0,53325,,0.0,0,0.0
Internetwarriors,internetwarriors.de,AGENCY,710.04,270.0,intro,3588.0,2877.96,0,179130,,0.0,0,0.0
frank&dick,frankanddick.no,AGENCY,2388.0,15.0,intro,3588.0,1200.0,0,179385,,0.0,0,0.0
YPM,ypm.com,AGENCY,1068.0,75.0,intro,3588.0,2520.0,0,179325,,0.0,0,0.0
SportsDataIO,sportsdata.io,IN_HOUSE,1068.0,75.0,starter,1068.0,0.0,0,53325,,0.0,0,0.0
Revolvermaenner,revolvermaenner.com,AGENCY,240.0,54.0,intro,3588.0,3348.0,0,179346,,0.0,0,0.0
Charlie Vestner,linkedin.com,AGENCY,1068.0,48.0,intro,3588.0,2520.0,0,179352,,0.0,0,0.0
Seybold,seybold.de,AGENCY,1068.0,48.0,intro,3588.0,2520.0,0,179352,,0.0,0,0.0
LEI Register,leiregister.ee,IN_HOUSE,1080.0,75.0,starter,1068.0,-12.0,0,53325,starter,1080.0,600,53925.0
justETF,justetf.com,IN_HOUSE,24348.0,84.0,starter,1068.0,-23280.0,0,53316,enterprise,24348.0,1836000,2434716.0
Reegzsoda,oui.com,AGENCY,1068.0,75.0,intro,3588.0,2520.0,0,179325,,0.0,0,0.0
Just Drive Media,justdrivemedia.com,AGENCY,3456.0,42.0,intro,3588.0,132.0,0,179358,,0.0,0,0.0
raivenue.com,raivenue.com,AGENCY,1068.0,75.0,intro,3588.0,2520.0,0,179325,,0.0,0,0.0
رؤية السعودية 2030,vision2030.gov.sa,IN_HOUSE,1068.0,75.0,starter,1068.0,0.0,0,53325,,0.0,0,0.0
Besox,besox.be,IN_HOUSE,1068.0,75.0,starter,1068.0,0.0,0,53325,,0.0,0,0.0
CKLLC,corykleinschmidt.com,AGENCY,1068.0,75.0,intro,3588.0,2520.0,0,179325,,0.0,0,0.0
Starfish,starfishco.com,IN_HOUSE,1068.0,75.0,starter,1068.0,0.0,0,53325,,0.0,0,0.0
Common Era Jewelry,commonera.com,IN_HOUSE,1068.0,75.0,starter,1068.0,0.0,0,53325,,0.0,0,0.0
Brevo,brevo.com,IN_HOUSE,1068.0,114.0,starter,1068.0,0.0,0,53286,,0.0,0,0.0
Firstcom,firstcom.fr,AGENCY,1068.0,45.0,intro,3588.0,2520.0,0,179355,,0.0,0,0.0
publuence GmbH,publuence.com,IN_HOUSE,1068.0,75.0,starter,1068.0,0.0,0,53325,,0.0,0,0.0
Compa,compa.co,IN_HOUSE,1068.0,75.0,starter,1068.0,0.0,0,53325,,0.0,0,0.0
Royal Design Werbeagentur GmbH,royal-design.com,IN_HOUSE,1068.0,75.0,starter,1068.0,0.0,0,53325,,0.0,0,0.0
Northform,northform.ai,AGENCY,1068.0,15.0,intro,3588.0,2520.0,0,179385,,0.0,0,0.0
7Learnings,7learnings.com,IN_HOUSE,1440.0,57.0,starter,1068.0,-372.0,0,53343,starter,1440.0,18600,71943.0
Tank,tank.co.uk,AGENCY,1194.0,357.0,intro,3588.0,2394.0,0,179043,,0.0,0,0.0
Giupedi,giupedi.com,AGENCY,1068.0,24.0,intro,3588.0,2520.0,0,179376,,0.0,0,0.0
FSK,fsk.ru,IN_HOUSE,1068.0,54.0,starter,1068.0,0.0,0,53346,,0.0,0,0.0
Codeword,codewordagency.com,IN_HOUSE,3336.0,600.0,starter,1068.0,-2268.0,0,52800,pro,3336.0,26100,249600.0
Aroma ,aroma.ch,IN_HOUSE,1068.0,48.0,starter,1068.0,0.0,0,53352,,0.0,0,0.0
Whale,usewhale.io,IN_HOUSE,1068.0,15.0,starter,1068.0,0.0,0,53385,,0.0,0,0.0
Growth Division ,growth-division.com,AGENCY,1068.0,60.0,intro,3588.0,2520.0,0,179340,,0.0,0,0.0
Minisocial,minisocial.com,IN_HOUSE,1068.0,27.0,starter,1068.0,0.0,0,53373,,0.0,0,0.0
rapidmail,rapidmail.de,IN_HOUSE,22920.0,300.0,starter,1068.0,-21852.0,0,53100,enterprise,22920.0,1693200,2291700.0
Alpine Analytix,alpineanalytix.com,AGENCY,1068.0,15.0,intro,3588.0,2520.0,0,179385,,0.0,0,0.0
Pixaura,pixaura.com,AGENCY,1068.0,15.0,intro,3588.0,2520.0,0,179385,,0.0,0,0.0
Lola,lolahealth.com,IN_HOUSE,2388.0,63.0,starter,1068.0,-1320.0,0,53337,starter,2388.0,66000,119337.0
Brick Digital,brick-digital.co.uk,AGENCY,2388.0,0.0,intro,3588.0,1200.0,0,179400,,0.0,0,0.0
Canyon,canyon.com,IN_HOUSE,1440.0,63.0,starter,1068.0,-372.0,0,53337,starter,1440.0,18600,71937.0
Glowcard,glowcard.de,IN_HOUSE,1068.0,63.0,starter,1068.0,0.0,0,53337,,0.0,0,0.0
Propellernet,propellernet.co.uk,AGENCY,1068.0,12.0,intro,3588.0,2520.0,0,179388,,0.0,0,0.0
WEBUILDAI GmbH,we-build-ai.de,AGENCY,1068.0,48.0,intro,3588.0,2520.0,0,179352,,0.0,0,0.0
Medal.tv,medal.tv,IN_HOUSE,2388.0,51.0,starter,1068.0,-1320.0,0,53349,starter,2388.0,66000,119349.0
adMates,admates.de,AGENCY,1068.0,54.0,intro,3588.0,2520.0,0,179346,,0.0,0,0.0
seoplus+,seoplus.com,AGENCY,478.8,33.0,intro,3588.0,3109.2,0,179367,,0.0,0,0.0
Fressnapf,fressnapf.de,IN_HOUSE,1068.0,39.0,starter,1068.0,0.0,0,53361,,0.0,0,0.0
121WATT GmbH,121watt.de,IN_HOUSE,1068.0,30.0,starter,1068.0,0.0,0,53370,,0.0,0,0.0
proteintech,ptglab.com,IN_HOUSE,1068.0,75.0,starter,1068.0,0.0,0,53325,,0.0,0,0.0
FSWI,fswi.ch,IN_HOUSE,1068.0,60.0,starter,1068.0,0.0,0,53340,,0.0,0,0.0
Zenphi,zenphi.com,IN_HOUSE,1068.0,69.0,starter,1068.0,0.0,0,53331,,0.0,0,0.0
Singtel,singtel.com,AGENCY,1068.0,75.0,intro,3588.0,2520.0,0,179325,,0.0,0,0.0
DIE ZEIT,zeit.de,IN_HOUSE,24348.0,288.0,starter,1068.0,-23280.0,0,53112,enterprise,24348.0,1836000,2434512.0
Insurify,insurify.com,IN_HOUSE,2388.0,400.0,starter,1068.0,-1320.0,0,53000,starter,2388.0,66000,119000.0
cosmos,cosmos.one,IN_HOUSE,2388.0,69.0,starter,1068.0,-1320.0,0,53331,starter,2388.0,66000,119331.0
fiskaly,fiskaly.com,IN_HOUSE,2388.0,123.0,starter,1068.0,-1320.0,0,53277,starter,2388.0,66000,119277.0
GALE,galepartners.com,AGENCY,3108.0,1455.0,intro,3588.0,480.0,0,177945,,0.0,0,0.0
Crossrope,crossrope.com,IN_HOUSE,1068.0,42.0,starter,1068.0,0.0,0,53358,,0.0,0,0.0
Commit Agency,commitagency.com,AGENCY,597.0,213.0,intro,3588.0,2991.0,0,179187,,0.0,0,0.0
Kopfpirat,kopfpirat.de,AGENCY,1068.0,75.0,intro,3588.0,2520.0,0,179325,,0.0,0,0.0
ATTACH,attachmedia.com,AGENCY,1068.0,18.0,intro,3588.0,2520.0,0,179382,,0.0,0,0.0
Ring,ring.com,IN_HOUSE,2388.0,285.0,starter,1068.0,-1320.0,0,53115,starter,2388.0,66000,119115.0
Medianet,medianet.com.au,IN_HOUSE,1080.0,165.0,starter,1068.0,-12.0,0,53235,starter,1080.0,600,53835.0
Codicem,codicem.dev,IN_HOUSE,1068.0,15.0,starter,1068.0,0.0,0,53385,,0.0,0,0.0
Digit Spark,digitspark.co,AGENCY,9000.0,555.0,intro,3588.0,-5412.0,0,178845,scale,9000.0,180000,899445.0
experics digital GmbH,experics.de,AGENCY,900.0,228.0,intro,3588.0,2688.0,0,179172,,0.0,0,0.0
Peack,peackagency.com,AGENCY,1068.0,39.0,intro,3588.0,2520.0,0,179361,,0.0,0,0.0
Abimanufaktur,abimanufaktur.de,IN_HOUSE,1308.0,100.0,starter,1068.0,-240.0,0,53300,starter,1308.0,12000,65300.0
Leroy Merlin,leroymerlin.es,IN_HOUSE,2388.0,216.0,starter,1068.0,-1320.0,0,53184,starter,2388.0,66000,119184.0
Medfin AI,medfin.ai,IN_HOUSE,1068.0,42.0,starter,1068.0,0.0,0,53358,,0.0,0,0.0
Laynote,laynote.jp,AGENCY,1068.0,18.0,intro,3588.0,2520.0,0,179382,,0.0,0,0.0
Condor,condor.com,IN_HOUSE,2388.0,216.0,starter,1068.0,-1320.0,0,53184,starter,2388.0,66000,119184.0
Oyster,oysterhr.com,IN_HOUSE,1068.0,45.0,starter,1068.0,0.0,0,53355,,0.0,0,0.0
Knewledge,knewledge.com,AGENCY,720.0,231.0,intro,3588.0,2868.0,0,179169,,0.0,0,0.0
Team 4,team4.agency,AGENCY,1068.0,30.0,intro,3588.0,2520.0,0,179370,,0.0,0,0.0
Candid Hospitality,candidhospitality.co.uk,IN_HOUSE,1068.0,72.0,starter,1068.0,0.0,0,53328,,0.0,0,0.0
VDB Digital,vdb-digital.de,AGENCY,1068.0,150.0,intro,3588.0,2520.0,0,179250,,0.0,0,0.0
kativa,kativa.com,IN_HOUSE,2388.0,39.0,starter,1068.0,-1320.0,0,53361,starter,2388.0,66000,119361.0
Feather,feather-insurance.com,IN_HOUSE,1068.0,75.0,starter,1068.0,0.0,0,53325,,0.0,0,0.0
Searchbloom,searchbloom.com,AGENCY,3582.0,456.0,intro,3588.0,6.0,0,178944,,0.0,0,0.0
n8n,n8n.io,IN_HOUSE,1068.0,66.0,starter,1068.0,0.0,0,53334,,0.0,0,0.0
Polaris Media GmbH,polarismedia.de,AGENCY,1068.0,75.0,intro,3588.0,2520.0,0,179325,,0.0,0,0.0
Lawtons,lawtonslaw.co.uk,IN_HOUSE,1800.0,0.0,starter,1068.0,-732.0,0,53400,starter,1800.0,36600,90000.0
Trenkwalder Österreich,trenkwalder.com,IN_HOUSE,1068.0,150.0,starter,1068.0,0.0,0,53250,,0.0,0,0.0
Scopic,scopicsoftware.com,AGENCY,1068.0,72.0,intro,3588.0,2520.0,0,179328,,0.0,0,0.0
Mention,mention.com,IN_HOUSE,1068.0,0.0,starter,1068.0,0.0,0,53400,,0.0,0,0.0
InTouchNow AI,intouchnow.ai,IN_HOUSE,1068.0,75.0,starter,1068.0,0.0,0,53325,,0.0,0,0.0
TechTalk,techtalkuk.co,IN_HOUSE,1068.0,66.0,starter,1068.0,0.0,0,53334,,0.0,0,0.0
Brainlabs,brainlabsdigital.com,AGENCY,600.0,75.0,intro,3588.0,2988.0,0,179325,,0.0,0,0.0
Knowify,knowify.com,IN_HOUSE,2388.0,156.0,starter,1068.0,-1320.0,0,53244,starter,2388.0,66000,119244.0
Harvey,harveywatersofteners.co.uk,IN_HOUSE,1068.0,75.0,starter,1068.0,0.0,0,53325,,0.0,0,0.0
DeepMedia,deepmedia.de,AGENCY,1068.0,75.0,intro,3588.0,2520.0,0,179325,,0.0,0,0.0
Maverick,maverick.co.id,AGENCY,1068.0,69.0,intro,3588.0,2520.0,0,179331,,0.0,0,0.0
EUPHORIA®,euphoriaintelligence.com,AGENCY,1194.0,378.0,intro,3588.0,2394.0,0,179022,,0.0,0,0.0
Trinergy,trinergy.at,AGENCY,1068.0,45.0,intro,3588.0,2520.0,0,179355,,0.0,0,0.0
JTL-Software-GmbH,jtl-software.de,IN_HOUSE,24348.0,276.0,starter,1068.0,-23280.0,0,53124,enterprise,24348.0,1836000,2434524.0
ReviewsOnMyWebsite,reviewsonmywebsite.com,IN_HOUSE,2388.0,300.0,starter,1068.0,-1320.0,0,53100,starter,2388.0,66000,119100.0
Win With Optimal,winwithoptimal.com,AGENCY,598.8,702.0,intro,3588.0,2989.2,0,178698,,0.0,0,0.0
SEO Brand,seobrand.com,AGENCY,1068.0,51.0,intro,3588.0,2520.0,0,179349,,0.0,0,0.0
BeOne Medicines,beonemedicines.com,IN_HOUSE,835.8,60.0,starter,1068.0,232.20000000000005,0,53340,,0.0,0,0.0
finanzen.net,finanzen.net,IN_HOUSE,2388.0,108.0,starter,1068.0,-1320.0,0,53292,starter,2388.0,66000,119292.0
Human First Collective,humanfirstcollective.com,AGENCY,1068.0,75.0,intro,3588.0,2520.0,0,179325,,0.0,0,0.0
Lifeboost Coffee,lifeboostcoffee.com,IN_HOUSE,1068.0,42.0,starter,1068.0,0.0,0,53358,,0.0,0,0.0
Greenline ,greenline.nyc,AGENCY,1068.0,150.0,intro,3588.0,2520.0,0,179250,,0.0,0,0.0
Forum One,forumone.com,AGENCY,7800.0,1500.0,intro,3588.0,-4212.0,0,177900,scale,7800.0,60000,778500.0
M+C Saatchi Performance,mcsaatchiperformance.com,AGENCY,1068.0,72.0,intro,3588.0,2520.0,0,179328,,0.0,0,0.0
Skribble,skribble.com,IN_HOUSE,1440.0,90.0,starter,1068.0,-372.0,0,53310,starter,1440.0,18600,71910.0
ColdIQ,coldiq.com,IN_HOUSE,1068.0,36.0,starter,1068.0,0.0,0,53364,,0.0,0,0.0
DHL,dhl.com,IN_HOUSE,2388.0,270.0,starter,1068.0,-1320.0,0,53130,starter,2388.0,66000,119130.0
JAG Jeans,jagjeans.com,AGENCY,1068.0,132.0,intro,3588.0,2520.0,0,179268,,0.0,0,0.0
Aybee,aybee.ai,IN_HOUSE,1068.0,75.0,starter,1068.0,0.0,0,53325,,0.0,0,0.0
relokate,relokatehr.com,IN_HOUSE,1194.0,255.0,starter,1068.0,-126.0,0,53145,starter,1194.0,6300,59445.0
UXCam,uxcam.com,IN_HOUSE,1440.0,90.0,starter,1068.0,-372.0,0,53310,starter,1440.0,18600,71910.0
We Communications,wecommunications.com,AGENCY,2388.0,231.0,intro,3588.0,1200.0,0,179169,,0.0,0,0.0
dotCMS,dotcms.com,IN_HOUSE,1068.0,75.0,starter,1068.0,0.0,0,53325,,0.0,0,0.0
Mindshare,mindshareworld.com,AGENCY,7680.0,570.0,intro,3588.0,-4092.0,0,178830,scale,7680.0,48000,767430.0
Heidi Health,heidihealth.com,IN_HOUSE,11028.0,75.0,starter,1068.0,-9960.0,0,53325,enterprise,11028.0,504000,1102725.0
Close Brothers Invoice Finance,closeinvoice.co.uk,IN_HOUSE,3456.0,183.0,starter,1068.0,-2388.0,0,53217,pro,3456.0,35100,259017.0
Oyster,oysterhr.com,IN_HOUSE,2388.0,126.0,starter,1068.0,-1320.0,0,53274,starter,2388.0,66000,119274.0
Forge Holidays,forgeholidays.com,IN_HOUSE,2388.0,405.0,starter,1068.0,-1320.0,0,52995,starter,2388.0,66000,118995.0
Formlabs,formlabs.com,IN_HOUSE,2388.0,300.0,starter,1068.0,-1320.0,0,53100,starter,2388.0,66000,119100.0
Campact,campact.de,IN_HOUSE,1068.0,75.0,starter,1068.0,0.0,0,53325,,0.0,0,0.0
Resi,resi.co.uk,IN_HOUSE,1068.0,75.0,starter,1068.0,0.0,0,53325,,0.0,0,0.0
Goodman Lantern,goodmanlantern.com,AGENCY,600.0,111.0,intro,3588.0,2988.0,0,179289,,0.0,0,0.0
Volders,volders.de,IN_HOUSE,1068.0,24.0,starter,1068.0,0.0,0,53376,,0.0,0,0.0
Cello,cello.so,IN_HOUSE,1068.0,69.0,starter,1068.0,0.0,0,53331,,0.0,0,0.0
Plancorp,plancorp.com,IN_HOUSE,1068.0,45.0,starter,1068.0,0.0,0,53355,,0.0,0,0.0
Allegro,allegro.com,IN_HOUSE,1068.0,6.0,starter,1068.0,0.0,0,53394,,0.0,0,0.0
flowkey,flowkey.com,IN_HOUSE,1068.0,60.0,starter,1068.0,0.0,0,53340,,0.0,0,0.0
pdm solutions GmbH,pdm-solutions.com,AGENCY,1068.0,75.0,intro,3588.0,2520.0,0,179325,,0.0,0,0.0
Alexander Henoch ,alexander-henoch.de,AGENCY,1194.0,294.0,intro,3588.0,2394.0,0,179106,,0.0,0,0.0
Exposure Ninja,exposureninja.com,AGENCY,2388.0,105.0,intro,3588.0,1200.0,0,179295,,0.0,0,0.0
Functn GmbH,functn.com,AGENCY,1068.0,72.0,intro,3588.0,2520.0,0,179328,,0.0,0,0.0
Marino,marinopr.com,AGENCY,2388.0,237.0,intro,3588.0,1200.0,0,179163,,0.0,0,0.0
SimpledCard,simpledcard.com,IN_HOUSE,1068.0,75.0,starter,1068.0,0.0,0,53325,,0.0,0,0.0
Flexcar,flexcar.gr,IN_HOUSE,1068.0,15.0,starter,1068.0,0.0,0,53385,,0.0,0,0.0
Nationwide Transport Services,ntslogistics.com,IN_HOUSE,2388.0,177.0,starter,1068.0,-1320.0,0,53223,starter,2388.0,66000,119223.0
Upway,upway.co,IN_HOUSE,5988.0,675.0,starter,1068.0,-4920.0,0,52725,pro,5988.0,225000,448425.0
Kosch Klink Performance,cosmosdirekt.de,AGENCY,3108.0,1401.0,intro,3588.0,480.0,0,177999,,0.0,0,0.0
Pixum,pixum.de,IN_HOUSE,2388.0,204.0,starter,1068.0,-1320.0,0,53196,starter,2388.0,66000,119196.0
aurio,aurio.ai,IN_HOUSE,1080.0,75.0,starter,1068.0,-12.0,0,53325,starter,1080.0,600,53925.0
Snapstream,snapstream.com,IN_HOUSE,1068.0,75.0,starter,1068.0,0.0,0,53325,,0.0,0,0.0
Superside,superside.com,IN_HOUSE,2388.0,279.0,starter,1068.0,-1320.0,0,53121,starter,2388.0,66000,119121.0
Northward Marketing,northward.de,AGENCY,2388.0,300.0,intro,3588.0,1200.0,0,179100,,0.0,0,0.0
lightricks.com,lightricks.com,IN_HOUSE,2388.0,588.0,starter,1068.0,-1320.0,0,52812,starter,2388.0,66000,118812.0
Hatch,hatch.fm,AGENCY,1068.0,69.0,intro,3588.0,2520.0,0,179331,,0.0,0,0.0
Getnoticed BV,getnoticed.nl,AGENCY,2388.0,300.0,intro,3588.0,1200.0,0,179100,,0.0,0,0.0
moccu,moccu.com,AGENCY,1068.0,75.0,intro,3588.0,2520.0,0,179325,,0.0,0,0.0
QCK,qck.co,AGENCY,1068.0,105.0,intro,3588.0,2520.0,0,179295,,0.0,0,0.0
DEPT,deptagency.com,AGENCY,2388.0,300.0,intro,3588.0,1200.0,0,179100,,0.0,0,0.0
Prisma,prisma.io,IN_HOUSE,2388.0,150.0,starter,1068.0,-1320.0,0,53250,starter,2388.0,66000,119250.0
enso,enso.bot,IN_HOUSE,1068.0,18.0,starter,1068.0,0.0,0,53382,,0.0,0,0.0
Sage,sage.de,IN_HOUSE,2388.0,213.0,starter,1068.0,-1320.0,0,53187,starter,2388.0,66000,119187.0
Rangewell,rangewell.com,IN_HOUSE,2388.0,300.0,starter,1068.0,-1320.0,0,53100,starter,2388.0,66000,119100.0
Lumio,lumioai.io,AGENCY,1068.0,21.0,intro,3588.0,2520.0,0,179379,,0.0,0,0.0
Recykal,recykal.com,IN_HOUSE,1068.0,75.0,starter,1068.0,0.0,0,53325,,0.0,0,0.0
Welcome Pickups,welcomepickups.com,IN_HOUSE,1800.0,300.0,starter,1068.0,-732.0,0,53100,starter,1800.0,36600,89700.0
Klaas Willaert,tekst.com,IN_HOUSE,1068.0,3.0,starter,1068.0,0.0,0,53397,,0.0,0,0.0
Zowie,getzowie.com,IN_HOUSE,1440.0,72.0,starter,1068.0,-372.0,0,53328,starter,1440.0,18600,71928.0
Starty Digital,startdigital.com.au,AGENCY,1068.0,54.0,intro,3588.0,2520.0,0,179346,,0.0,0,0.0
Mult.dev,mult.dev,IN_HOUSE,1068.0,75.0,starter,1068.0,0.0,0,53325,,0.0,0,0.0
Reporting Hub,thereportinghub.com,IN_HOUSE,1068.0,75.0,starter,1068.0,0.0,0,53325,,0.0,0,0.0
Adevinta Jobs SLU,infojobs.net,IN_HOUSE,24348.0,27.0,starter,1068.0,-23280.0,0,53373,enterprise,24348.0,1836000,2434773.0
All In Advertising,allinadvertising.com,AGENCY,1068.0,15.0,intro,3588.0,2520.0,0,179385,,0.0,0,0.0
Primal,primal.co.th,AGENCY,1194.0,150.0,intro,3588.0,2394.0,0,179250,,0.0,0,0.0
MDPI,mdpi.com,IN_HOUSE,2388.0,12.0,starter,1068.0,-1320.0,0,53388,starter,2388.0,66000,119388.0
Level Agency,level.agency,AGENCY,2388.0,75.0,intro,3588.0,1200.0,0,179325,,0.0,0,0.0
Yuno,y.uno,IN_HOUSE,1068.0,21.0,starter,1068.0,0.0,0,53379,,0.0,0,0.0
sevdesk,sevdesk.de,IN_HOUSE,1068.0,90.0,starter,1068.0,0.0,0,53310,,0.0,0,0.0
Bonzer,bonzer.dk,AGENCY,1068.0,16.0,intro,3588.0,2520.0,0,179384,,0.0,0,0.0
Globant,globant.com,AGENCY,720.0,1500.0,intro,3588.0,2868.0,0,177900,,0.0,0,0.0
Vitra International AG,vitra.com,IN_HOUSE,2388.0,120.0,starter,1068.0,-1320.0,0,53280,starter,2388.0,66000,119280.0
Photoroom,photoroom.com,IN_HOUSE,1068.0,72.0,starter,1068.0,0.0,0,53328,,0.0,0,0.0
MADS,mads.it,AGENCY,3600.0,780.0,intro,3588.0,-12.0,0,178620,intro,3600.0,600,179220.0
Andor Palau,andorpalau.com,AGENCY,1068.0,60.0,intro,3588.0,2520.0,0,179340,,0.0,0,0.0
Modern Events Calendar,webnus.net,IN_HOUSE,1068.0,75.0,starter,1068.0,0.0,0,53325,,0.0,0,0.0
MITA Nutra,mitanutra.com,IN_HOUSE,1068.0,57.0,starter,1068.0,0.0,0,53343,,0.0,0,0.0
AN Digital,an-digital.com,AGENCY,720.0,129.0,intro,3588.0,2868.0,0,179271,,0.0,0,0.0
Solarhandel24,solarhandel24.de,IN_HOUSE,1068.0,75.0,starter,1068.0,0.0,0,53325,,0.0,0,0.0
CBH Homes,cbhhomes.com,IN_HOUSE,1068.0,15.0,starter,1068.0,0.0,0,53385,,0.0,0,0.0
We. Communications UK,wecommunications.com,AGENCY,948.0,243.0,intro,3588.0,2640.0,0,179157,,0.0,0,0.0
Frohraum,frohraum.de,IN_HOUSE,1068.0,60.0,starter,1068.0,0.0,0,53340,,0.0,0,0.0
Proper,properhotel.com,IN_HOUSE,720.0,660.0,starter,1068.0,348.0,0,52740,,0.0,0,0.0
Praize Studio,praize.studio,AGENCY,1068.0,222.0,intro,3588.0,2520.0,0,179178,,0.0,0,0.0
Bounce,bounce.com,IN_HOUSE,2388.0,300.0,starter,1068.0,-1320.0,0,53100,starter,2388.0,66000,119100.0
Digital X,online-digitalx.de,AGENCY,2262.0,90.0,intro,3588.0,1326.0,0,179310,,0.0,0,0.0
regenold,regenold.com,IN_HOUSE,2388.0,291.0,starter,1068.0,-1320.0,0,53109,starter,2388.0,66000,119109.0
BURGA,burga.com,IN_HOUSE,1068.0,18.0,starter,1068.0,0.0,0,53382,,0.0,0,0.0
Heavybit,heavybit.com,IN_HOUSE,1068.0,75.0,starter,1068.0,0.0,0,53325,,0.0,0,0.0
Interactive Marketing Group,img.ag,AGENCY,1080.0,69.0,intro,3588.0,2508.0,0,179331,,0.0,0,0.0
Fresh Egg,freshegg.co.uk,AGENCY,480.0,204.0,intro,3588.0,3108.0,0,179196,,0.0,0,0.0
Liferay,liferay.com,IN_HOUSE,2388.0,297.0,starter,1068.0,-1320.0,0,53103,starter,2388.0,66000,119103.0
DiscoverCars,discovercars.com,IN_HOUSE,2976.0,348.0,starter,1068.0,-1908.0,0,53052,starter,2976.0,95400,148452.0
Influ2,influ2.com,IN_HOUSE,1068.0,18.0,starter,1068.0,0.0,0,53382,,0.0,0,0.0
100,onehundred.org,AGENCY,1068.0,75.0,intro,3588.0,2520.0,0,179325,,0.0,0,0.0
Kelsey Reaves,kelseyreaves.com,AGENCY,1068.0,15.0,intro,3588.0,2520.0,0,179385,,0.0,0,0.0
Paage,paa.ge,IN_HOUSE,1068.0,66.0,starter,1068.0,0.0,0,53334,,0.0,0,0.0
Agicap,agicap.com,IN_HOUSE,2388.0,285.0,starter,1068.0,-1320.0,0,53115,starter,2388.0,66000,119115.0
EGP,egp.fi,AGENCY,2040.0,60.0,intro,3588.0,1548.0,0,179340,,0.0,0,0.0
Engine HQ,enginehq.co,AGENCY,1080.0,147.0,intro,3588.0,2508.0,0,179253,,0.0,0,0.0
Betsson Group,betssongoup.com,IN_HOUSE,900.0,1423.0,starter,1068.0,168.0,0,51977,,0.0,0,0.0
YET Agency,yetagency.it,AGENCY,1068.0,75.0,intro,3588.0,2520.0,0,179325,,0.0,0,0.0
KLAMBT,klambt.de,AGENCY,1194.0,12.0,intro,3588.0,2394.0,0,179388,,0.0,0,0.0
Fuel Finance,fuelfinance.me,IN_HOUSE,1080.0,60.0,starter,1068.0,-12.0,0,53340,starter,1080.0,600,53940.0
SellerX,sellerx.com,AGENCY,1068.0,78.0,intro,3588.0,2520.0,0,179322,,0.0,0,0.0
sunzinet,sunzinet.com,AGENCY,1194.0,267.0,intro,3588.0,2394.0,0,179133,,0.0,0,0.0
Threepipe reply,threepipereply.com,AGENCY,18000.0,4026.0,intro,3588.0,-14412.0,0,175374,scale,18000.0,1080000,1795974.0
Double Digits,double-digits.com,AGENCY,2388.0,294.0,intro,3588.0,1200.0,0,179106,,0.0,0,0.0
Doe-Anderson,doeanderson.com,AGENCY,1068.0,117.0,intro,3588.0,2520.0,0,179283,,0.0,0,0.0
Solink,solinkcorp.com,IN_HOUSE,2388.0,297.0,starter,1068.0,-1320.0,0,53103,starter,2388.0,66000,119103.0
Main Clinic Supply,mainclinicsupply.com,IN_HOUSE,2388.0,72.0,starter,1068.0,-1320.0,0,53328,starter,2388.0,66000,119328.0
PIABO,piabo.net,AGENCY,5976.0,238.0,intro,3588.0,-2388.0,0,179162,intro,5976.0,119400,298562.0
The Media Image,the-media-image.com,AGENCY,9096.0,1686.0,intro,3588.0,-5508.0,0,177714,scale,9096.0,189600,907914.0
Australian Digital,australiandigital.com,AGENCY,1068.0,75.0,intro,3588.0,2520.0,0,179325,,0.0,0,0.0
UiPath,uipath.com,IN_HOUSE,2388.0,550.0,starter,1068.0,-1320.0,0,52850,starter,2388.0,66000,118850.0
Vation Ventures,vationventures.com,AGENCY,1068.0,63.0,intro,3588.0,2520.0,0,179337,,0.0,0,0.0
Verisure,verisure.com,IN_HOUSE,5988.0,156.0,starter,1068.0,-4920.0,0,53244,pro,5988.0,225000,448944.0
180 Marketing Inc,180marketing.com,AGENCY,2089.56,765.0,intro,3588.0,1498.44,0,178635,,0.0,0,0.0
prodress,prodress.de,IN_HOUSE,1068.0,75.0,starter,1068.0,0.0,0,53325,,0.0,0,0.0
Cowboy Pools,cowboypools.com,IN_HOUSE,1068.0,69.0,starter,1068.0,0.0,0,53331,,0.0,0,0.0
info.link,info.link,IN_HOUSE,1068.0,66.0,starter,1068.0,0.0,0,53334,,0.0,0,0.0
autodoc,autodoc.de,IN_HOUSE,1068.0,21.0,starter,1068.0,0.0,0,53379,,0.0,0,0.0
bernard.digital,bernard.digital,AGENCY,1950.0,177.0,intro,3588.0,1638.0,0,179223,,0.0,0,0.0
Upright Communications,uprightcommunications.com,AGENCY,398.4,378.0,intro,3588.0,3189.6,0,179022,,0.0,0,0.0
Coverflex,coverflex.com,IN_HOUSE,1068.0,63.0,starter,1068.0,0.0,0,53337,,0.0,0,0.0
test,test.com,AGENCY,1068.0,69.0,intro,3588.0,2520.0,0,179331,,0.0,0,0.0
Our Own Brand,ourownbrand.co,IN_HOUSE,1068.0,75.0,starter,1068.0,0.0,0,53325,,0.0,0,0.0
Away Resorts,awayresorts.co.uk,IN_HOUSE,2388.0,300.0,starter,1068.0,-1320.0,0,53100,starter,2388.0,66000,119100.0
Energy PR,energypr.co.uk,AGENCY,1068.0,123.0,intro,3588.0,2520.0,0,179277,,0.0,0,0.0
Streamkap,streamkap.com,IN_HOUSE,2388.0,255.0,starter,1068.0,-1320.0,0,53145,starter,2388.0,66000,119145.0
vaults.fyi,vaults.fyi,IN_HOUSE,1068.0,75.0,starter,1068.0,0.0,0,53325,,0.0,0,0.0
Fightclub,fightclubagency.com,AGENCY,1068.0,30.0,intro,3588.0,2520.0,0,179370,,0.0,0,0.0
Layer Cake Digital,layercakedigital.ca,AGENCY,2388.0,51.0,intro,3588.0,1200.0,0,179349,,0.0,0,0.0
be.performance,be-performance.com,AGENCY,1068.0,75.0,intro,3588.0,2520.0,0,179325,,0.0,0,0.0
Wildstyle Network,wildstyle-network.com,AGENCY,1068.0,75.0,intro,3588.0,2520.0,0,179325,,0.0,0,0.0
ChoiceLocal,choicelocal.com,AGENCY,1068.0,75.0,intro,3588.0,2520.0,0,179325,,0.0,0,0.0
Lemlist,lemlist.com,AGENCY,2388.0,170.0,intro,3588.0,1200.0,0,179230,,0.0,0,0.0
Didomi,didomi.io,IN_HOUSE,2388.0,300.0,starter,1068.0,-1320.0,0,53100,starter,2388.0,66000,119100.0
Aurora Expeditions,aurora-expeditions.com,IN_HOUSE,1068.0,69.0,starter,1068.0,0.0,0,53331,,0.0,0,0.0
Artaxo,artaxo.de,AGENCY,1524.0,450.0,intro,3588.0,2064.0,0,178950,,0.0,0,0.0
Nationwide Vehicle Contracts,nationwidevehiclecontracts.co.uk,IN_HOUSE,2388.0,255.0,starter,1068.0,-1320.0,0,53145,starter,2388.0,66000,119145.0
Millwright,millwrightholdings.com,AGENCY,1068.0,0.0,intro,3588.0,2520.0,0,179400,,0.0,0,0.0
MutuiOnline,mutuionline.it,IN_HOUSE,2388.0,1170.0,starter,1068.0,-1320.0,0,52230,starter,2388.0,66000,118230.0
Fintel Connect,fintelconnect.com,AGENCY,477.6,267.0,intro,3588.0,3110.4,0,179133,,0.0,0,0.0
Virayo,virayo.com,AGENCY,540.0,816.0,intro,3588.0,3048.0,0,178584,,0.0,0,0.0
Runway ,runway.team,IN_HOUSE,1068.0,66.0,starter,1068.0,0.0,0,53334,,0.0,0,0.0
Bauman Rare Books,baumanrarebooks.com,IN_HOUSE,1068.0,18.0,starter,1068.0,0.0,0,53382,,0.0,0,0.0
ATMO CLUB,atmoclub.de,IN_HOUSE,1068.0,75.0,starter,1068.0,0.0,0,53325,,0.0,0,0.0
Italo,italotreno.com,IN_HOUSE,71856.0,423.0,starter,1068.0,-70788.0,0,52977,enterprise,71856.0,6586800,7185177.0
One Cloud Inc,onecloudmedia.com,AGENCY,1068.0,30.0,intro,3588.0,2520.0,0,179370,,0.0,0,0.0
Parim,parim.co,IN_HOUSE,2388.0,294.0,starter,1068.0,-1320.0,0,53106,starter,2388.0,66000,119106.0
ximea,ximea.com,AGENCY,1068.0,30.0,intro,3588.0,2520.0,0,179370,,0.0,0,0.0
TIpi Group,tipigroup.com,AGENCY,5400.0,4413.0,intro,3588.0,-1812.0,0,174987,intro,5400.0,90600,265587.0
Omnisent,omnisent.ai,IN_HOUSE,2388.0,114.0,starter,1068.0,-1320.0,0,53286,starter,2388.0,66000,119286.0
Sephora,serphora.com,IN_HOUSE,2388.0,300.0,starter,1068.0,-1320.0,0,53100,starter,2388.0,66000,119100.0
Podbase,podbase.com,IN_HOUSE,1068.0,75.0,starter,1068.0,0.0,0,53325,,0.0,0,0.0
Avenue Z,avenuez.com,AGENCY,1440.0,330.0,intro,3588.0,2148.0,0,179070,,0.0,0,0.0
Myra Security,myrasecurity.com,IN_HOUSE,2388.0,60.0,starter,1068.0,-1320.0,0,53340,starter,2388.0,66000,119340.0
AMA,ama.ab.ca,IN_HOUSE,1314.0,324.0,starter,1068.0,-246.0,0,53076,starter,1314.0,12300,65376.0
Yellowball,weareyellowball.com,AGENCY,1068.0,102.0,intro,3588.0,2520.0,0,179298,,0.0,0,0.0
Scandiweb,scandiweb.com,AGENCY,720.0,114.0,intro,3588.0,2868.0,0,179286,,0.0,0,0.0
hp praski,hp-praski.de,IN_HOUSE,1068.0,18.0,starter,1068.0,0.0,0,53382,,0.0,0,0.0
homestra,homestra.com,IN_HOUSE,1068.0,24.0,starter,1068.0,0.0,0,53376,,0.0,0,0.0
Storiebox,storiebox.com,IN_HOUSE,1068.0,18.0,starter,1068.0,0.0,0,53382,,0.0,0,0.0
Solo,solo.io,IN_HOUSE,1068.0,72.0,starter,1068.0,0.0,0,53328,,0.0,0,0.0
Cafe Spice,cafespice.com,IN_HOUSE,1068.0,63.0,starter,1068.0,0.0,0,53337,,0.0,0,0.0
Bkomm GmbH,bkomm.media,AGENCY,1080.0,18.0,intro,3588.0,2508.0,0,179382,,0.0,0,0.0
Ken & Dana Design ,kenanddanadesign.com,IN_HOUSE,1068.0,15.0,starter,1068.0,0.0,0,53385,,0.0,0,0.0
The Electric Car Scheme,electriccarscheme.com,IN_HOUSE,2388.0,261.0,starter,1068.0,-1320.0,0,53139,starter,2388.0,66000,119139.0
more life,morelife-team.com,AGENCY,1068.0,111.0,intro,3588.0,2520.0,0,179289,,0.0,0,0.0
Worksuite,worksuite.com,IN_HOUSE,1068.0,75.0,starter,1068.0,0.0,0,53325,,0.0,0,0.0
John Burns Research and Consulting,jbrec.com,IN_HOUSE,1068.0,75.0,starter,1068.0,0.0,0,53325,,0.0,0,0.0
Blink,joinblink.com,IN_HOUSE,1068.0,57.0,starter,1068.0,0.0,0,53343,,0.0,0,0.0
Homair,homair.com,IN_HOUSE,2388.0,51.0,starter,1068.0,-1320.0,0,53349,starter,2388.0,66000,119349.0
XIAG,xiag.ch,AGENCY,1068.0,210.0,intro,3588.0,2520.0,0,179190,,0.0,0,0.0
Start,start-seo.co.il,AGENCY,1194.0,300.0,intro,3588.0,2394.0,0,179100,,0.0,0,0.0
Pino ,pinoshop.de,IN_HOUSE,2388.0,141.0,starter,1068.0,-1320.0,0,53259,starter,2388.0,66000,119259.0
Hello Audio,helloaudio.fm,IN_HOUSE,1068.0,75.0,starter,1068.0,0.0,0,53325,,0.0,0,0.0
Seer Interactive,seerinteractive.com,AGENCY,23587.2,4200.0,intro,3588.0,-19999.2,0,175200,scale,23587.2,1638720,2354520.0
Mary Technology,marytechnology.com,IN_HOUSE,1068.0,18.0,starter,1068.0,0.0,0,53382,,0.0,0,0.0
DG Growth Partners,dggrowthpartners.com,AGENCY,2388.0,297.0,intro,3588.0,1200.0,0,179103,,0.0,0,0.0
Aries Solutions,ariessolutions.io,IN_HOUSE,1068.0,21.0,starter,1068.0,0.0,0,53379,,0.0,0,0.0
Tulip,tulip.co,IN_HOUSE,24348.0,186.0,starter,1068.0,-23280.0,0,53214,enterprise,24348.0,1836000,2434614.0
Better Sell Online,bettersellonline.de,AGENCY,720.0,195.0,intro,3588.0,2868.0,0,179205,,0.0,0,0.0
Return Consulting,return-consulting.com,AGENCY,2400.0,681.0,intro,3588.0,1188.0,0,178719,,0.0,0,0.0
Productive,productive.io,IN_HOUSE,2388.0,300.0,starter,1068.0,-1320.0,0,53100,starter,2388.0,66000,119100.0
Captain Words,captainwords.com,AGENCY,1068.0,0.0,intro,3588.0,2520.0,0,179400,,0.0,0,0.0
Tepia ,tepia.co,IN_HOUSE,1068.0,63.0,starter,1068.0,0.0,0,53337,,0.0,0,0.0
Equiti,equiti.com,IN_HOUSE,2388.0,96.0,starter,1068.0,-1320.0,0,53304,starter,2388.0,66000,119304.0
Butternut Box,butternutbox.com,IN_HOUSE,4800.0,3.0,starter,1068.0,-3732.0,0,53397,pro,4800.0,135900,359997.0
Gymdesk,gymdesk.com,IN_HOUSE,2976.0,100.0,starter,1068.0,-1908.0,0,53300,starter,2976.0,95400,148700.0
GPT Insights,gpt-insights.de,IN_HOUSE,1194.0,0.0,starter,1068.0,-126.0,0,53400,starter,1194.0,6300,59700.0
Sinecon,sinecon.eu,IN_HOUSE,1068.0,18.0,starter,1068.0,0.0,0,53382,,0.0,0,0.0
The Dorm,thedorm.com,IN_HOUSE,1068.0,15.0,starter,1068.0,0.0,0,53385,,0.0,0,0.0
refficience,refficience.com,AGENCY,1194.0,105.0,intro,3588.0,2394.0,0,179295,,0.0,0,0.0
a11 global,a11.global,AGENCY,600.0,120.0,intro,3588.0,2988.0,0,179280,,0.0,0,0.0
Happy Cog,happycog.com,AGENCY,1068.0,63.0,intro,3588.0,2520.0,0,179337,,0.0,0,0.0
Linkspiel,linkspiel.de,AGENCY,1296.0,518.0,intro,3588.0,2292.0,0,178882,,0.0,0,0.0
3viertel Online Marketing,3viertel.com,AGENCY,600.0,156.0,intro,3588.0,2988.0,0,179244,,0.0,0,0.0
interactive tools GmbH,interactive-tools.de,IN_HOUSE,3456.0,63.0,starter,1068.0,-2388.0,0,53337,pro,3456.0,35100,259137.0
Rablab,rablab.ca,AGENCY,1068.0,75.0,intro,3588.0,2520.0,0,179325,,0.0,0,0.0
Webstars Ltd,webstarsltd.com,AGENCY,1068.0,75.0,intro,3588.0,2520.0,0,179325,,0.0,0,0.0
Stacksy,stacksy.nl,AGENCY,1080.0,66.0,intro,3588.0,2508.0,0,179334,,0.0,0,0.0
Zerion,zerion.io,IN_HOUSE,2004.0,225.0,starter,1068.0,-936.0,0,53175,starter,2004.0,46800,99975.0
Matador AI,matador.ai,IN_HOUSE,1068.0,24.0,starter,1068.0,0.0,0,53376,,0.0,0,0.0
Softonic,softonic.com,IN_HOUSE,2388.0,300.0,starter,1068.0,-1320.0,0,53100,starter,2388.0,66000,119100.0
EQWAL,eqwal.legal,IN_HOUSE,11028.0,75.0,starter,1068.0,-9960.0,0,53325,enterprise,11028.0,504000,1102725.0
Officers Of,officersof.com,AGENCY,2388.0,153.0,intro,3588.0,1200.0,0,179247,,0.0,0,0.0
Miss Tourist,misstourist.com,IN_HOUSE,1068.0,24.0,starter,1068.0,0.0,0,53376,,0.0,0,0.0
FrankCrum,frankcrum.com,IN_HOUSE,23342.64,90.0,starter,1068.0,-22274.64,0,53310,enterprise,23342.64,1735464,2334174.0
CORSAIR,corsair.com,IN_HOUSE,1068.0,72.0,starter,1068.0,0.0,0,53328,,0.0,0,0.0
Office World,officeworld.ch,IN_HOUSE,1068.0,75.0,starter,1068.0,0.0,0,53325,,0.0,0,0.0
HelloBello,hellobello.de,IN_HOUSE,1068.0,60.0,starter,1068.0,0.0,0,53340,,0.0,0,0.0
Vente-unique,vente-unique.com,IN_HOUSE,1194.0,249.0,starter,1068.0,-126.0,0,53151,starter,1194.0,6300,59451.0
Netzbekannt,netzbekannt.de,AGENCY,816.0,141.0,intro,3588.0,2772.0,0,179259,,0.0,0,0.0
AppSignal,appsignal.com,IN_HOUSE,1068.0,15.0,starter,1068.0,0.0,0,53385,,0.0,0,0.0
Ringgitplus,ringgitplus.com,IN_HOUSE,2388.0,300.0,starter,1068.0,-1320.0,0,53100,starter,2388.0,66000,119100.0
CB,casinosblockchain.io,IN_HOUSE,1068.0,69.0,starter,1068.0,0.0,0,53331,,0.0,0,0.0
straight. GmbH,straight.de,AGENCY,1068.0,114.0,intro,3588.0,2520.0,0,179286,,0.0,0,0.0
CITIZEN ,citizen55.com,AGENCY,1068.0,87.0,intro,3588.0,2520.0,0,179313,,0.0,0,0.0
Mixbook,mixbook.com,IN_HOUSE,2388.0,108.0,starter,1068.0,-1320.0,0,53292,starter,2388.0,66000,119292.0
Ownwell,ownwell.com,IN_HOUSE,2388.0,300.0,starter,1068.0,-1320.0,0,53100,starter,2388.0,66000,119100.0
Happy Pay,happypay.co.za,IN_HOUSE,1068.0,30.0,starter,1068.0,0.0,0,53370,,0.0,0,0.0
Resoneo,resoneo.com,AGENCY,2388.0,225.0,intro,3588.0,1200.0,0,179175,,0.0,0,0.0
Informa,informa.com,IN_HOUSE,597.0,180.0,starter,1068.0,471.0,0,53220,,0.0,0,0.0
Valtech,valtech.com,AGENCY,5988.0,321.0,intro,3588.0,-2400.0,0,179079,intro,5988.0,120000,299079.0
Shadow-Soft,shadow-soft.com,IN_HOUSE,1068.0,300.0,starter,1068.0,0.0,0,53100,,0.0,0,0.0
Seat Unique,seatunique.com,IN_HOUSE,2388.0,156.0,starter,1068.0,-1320.0,0,53244,starter,2388.0,66000,119244.0
Jinnius Studio,jinnius.studio,AGENCY,597.0,90.0,intro,3588.0,2991.0,0,179310,,0.0,0,0.0
Brandnamic,brandnamic.com,AGENCY,480.0,297.0,intro,3588.0,3108.0,0,179103,,0.0,0,0.0
Ellusion,ellusion.de,AGENCY,1068.0,15.0,intro,3588.0,2520.0,0,179385,,0.0,0,0.0
getpress,get-press.de,AGENCY,1068.0,189.0,intro,3588.0,2520.0,0,179211,,0.0,0,0.0
Tebra,tebra.com,IN_HOUSE,1068.0,69.0,starter,1068.0,0.0,0,53331,,0.0,0,0.0
Centro,centro.rocks,IN_HOUSE,1068.0,24.0,starter,1068.0,0.0,0,53376,,0.0,0,0.0
Prezent,prezent.ai,IN_HOUSE,1068.0,45.0,starter,1068.0,0.0,0,53355,,0.0,0,0.0
Onewood,kompozitas.eu,IN_HOUSE,1068.0,75.0,starter,1068.0,0.0,0,53325,,0.0,0,0.0
ai4Suite,ai4suite.it,AGENCY,1068.0,75.0,intro,3588.0,2520.0,0,179325,,0.0,0,0.0
Platformengineering.org,platformengineering.org,IN_HOUSE,1068.0,39.0,starter,1068.0,0.0,0,53361,,0.0,0,0.0
Oplayo,oplayo.com,AGENCY,2388.0,294.0,intro,3588.0,1200.0,0,179106,,0.0,0,0.0
People Data Labs,peopledatalabs.com,IN_HOUSE,1068.0,39.0,starter,1068.0,0.0,0,53361,,0.0,0,0.0
Appiphony,appiphony.com,IN_HOUSE,1068.0,66.0,starter,1068.0,0.0,0,53334,,0.0,0,0.0
QuillBot,quillbot.com,IN_HOUSE,2388.0,282.0,starter,1068.0,-1320.0,0,53118,starter,2388.0,66000,119118.0
Flowla,flowla.com,IN_HOUSE,1068.0,51.0,starter,1068.0,0.0,0,53349,,0.0,0,0.0
mobile.de,mobile.de,IN_HOUSE,11028.0,21.0,starter,1068.0,-9960.0,0,53379,enterprise,11028.0,504000,1102779.0
Wonderwerk,wonderwerk.com,IN_HOUSE,1068.0,69.0,starter,1068.0,0.0,0,53331,,0.0,0,0.0
KlickPiloten,klickpiloten.de,AGENCY,2985.0,246.0,intro,3588.0,603.0,0,179154,,0.0,0,0.0
eMagnetix,emagnetix.at,AGENCY,597.0,291.0,intro,3588.0,2991.0,0,179109,,0.0,0,0.0
ConTe,conte.it,IN_HOUSE,1068.0,15.0,starter,1068.0,0.0,0,53385,,0.0,0,0.0
fst,thisisfst.com,AGENCY,2388.0,51.0,intro,3588.0,1200.0,0,179349,,0.0,0,0.0
Kapten & Son,kapten-son.com,IN_HOUSE,1068.0,75.0,starter,1068.0,0.0,0,53325,,0.0,0,0.0
Limitless Agency,limitless.ro,AGENCY,3801.0,1009.0,intro,3588.0,-213.0,0,178391,intro,3801.0,10650,189041.0
Tidely,tidely.com,IN_HOUSE,1080.0,48.0,starter,1068.0,-12.0,0,53352,starter,1080.0,600,53952.0
nuvo,getnuvo.com,IN_HOUSE,2388.0,282.0,starter,1068.0,-1320.0,0,53118,starter,2388.0,66000,119118.0
Soberlink,soberlink.com,IN_HOUSE,1068.0,75.0,starter,1068.0,0.0,0,53325,,0.0,0,0.0
hej.build GmbH,hej.build,AGENCY,2388.0,258.0,intro,3588.0,1200.0,0,179142,,0.0,0,0.0
ScaledOn,scaledon.com,AGENCY,1080.0,6.0,intro,3588.0,2508.0,0,179394,,0.0,0,0.0
Playlisthub,playlisthub.io,IN_HOUSE,1068.0,45.0,starter,1068.0,0.0,0,53355,,0.0,0,0.0
SILATEC,sicherheitsglas.de,IN_HOUSE,1068.0,72.0,starter,1068.0,0.0,0,53328,,0.0,0,0.0
Zupo,zupo.co,AGENCY,720.0,225.0,intro,3588.0,2868.0,0,179175,,0.0,0,0.0
Adzuna,adzuna.com,IN_HOUSE,1068.0,66.0,starter,1068.0,0.0,0,53334,,0.0,0,0.0
Oxylabs,oxylabs.io,IN_HOUSE,1068.0,50.0,starter,1068.0,0.0,0,53350,,0.0,0,0.0
Syzygy,syzygy.de,AGENCY,1440.0,414.0,intro,3588.0,2148.0,0,178986,,0.0,0,0.0
Verusen,verusen.com,IN_HOUSE,1068.0,9.0,starter,1068.0,0.0,0,53391,,0.0,0,0.0
Beatstars,beatstars.com,IN_HOUSE,1194.0,150.0,starter,1068.0,-126.0,0,53250,starter,1194.0,6300,59550.0
The British Council,britishcouncil.org,IN_HOUSE,1068.0,69.0,starter,1068.0,0.0,0,53331,,0.0,0,0.0
Hawk Ridge Systems,hawkridgesys.com,IN_HOUSE,1068.0,75.0,starter,1068.0,0.0,0,53325,,0.0,0,0.0
HR Acuity,hracuity.com,IN_HOUSE,8148.0,2214.0,starter,1068.0,-7080.0,0,51186,enterprise,8148.0,216000,812586.0
Hexaview,hexaviewtech.com,IN_HOUSE,2388.0,300.0,starter,1068.0,-1320.0,0,53100,starter,2388.0,66000,119100.0
ooia,ooia.de,IN_HOUSE,1296.0,80.0,starter,1068.0,-228.0,0,53320,starter,1296.0,11400,64720.0
Boostly,boostly.co.uk,IN_HOUSE,1068.0,75.0,starter,1068.0,0.0,0,53325,,0.0,0,0.0
diva-e,diva-e.com,AGENCY,1194.0,0.0,intro,3588.0,2394.0,0,179400,,0.0,0,0.0
Coderbyte,coderbyte.com,IN_HOUSE,1068.0,48.0,starter,1068.0,0.0,0,53352,,0.0,0,0.0
MaintainX,getmaintainx.com,IN_HOUSE,2388.0,150.0,starter,1068.0,-1320.0,0,53250,starter,2388.0,66000,119250.0
pixformance,pixformance.com,IN_HOUSE,1068.0,75.0,starter,1068.0,0.0,0,53325,,0.0,0,0.0
Daily Devotion,dailydevotions.com,IN_HOUSE,1068.0,18.0,starter,1068.0,0.0,0,53382,,0.0,0,0.0
Seiten-Werk GmbH,seiten-werk.com,AGENCY,2028.0,189.0,intro,3588.0,1560.0,0,179211,,0.0,0,0.0
NimbleWork,nimblework.com,IN_HOUSE,1068.0,75.0,starter,1068.0,0.0,0,53325,,0.0,0,0.0
Codeplay GmbH,codeplay.ch,AGENCY,1068.0,15.0,intro,3588.0,2520.0,0,179385,,0.0,0,0.0
Thrive Internet Marketing,thriveagency.com,IN_HOUSE,3456.0,342.0,starter,1068.0,-2388.0,0,53058,pro,3456.0,35100,258858.0
Löwenstark,loewenstark.com,AGENCY,2388.0,105.0,intro,3588.0,1200.0,0,179295,,0.0,0,0.0
Geeks360,geeks360.net,AGENCY,1068.0,27.0,intro,3588.0,2520.0,0,179373,,0.0,0,0.0
Ventureleap,ventureleap.io,IN_HOUSE,1068.0,75.0,starter,1068.0,0.0,0,53325,,0.0,0,0.0
maids.cc,maids.cc,AGENCY,1068.0,75.0,intro,3588.0,2520.0,0,179325,,0.0,0,0.0
Prostar,prostarseo.com,AGENCY,3456.0,183.0,intro,3588.0,132.0,0,179217,,0.0,0,0.0
Equipping Entrepreneurs ,equippingentrepreneurs.com,AGENCY,238.8,219.0,intro,3588.0,3349.2,0,179181,,0.0,0,0.0
Orbital x,orbitalx.com,AGENCY,1068.0,27.0,intro,3588.0,2520.0,0,179373,,0.0,0,0.0
Sidekick Interactive,sidekickinteractive.com,IN_HOUSE,1068.0,15.0,starter,1068.0,0.0,0,53385,,0.0,0,0.0
primelis,primelis.com,AGENCY,41988.0,7374.0,intro,3588.0,-38400.0,0,172026,scale,41988.0,3478800,4191426.0
ClickUp,clickup.com,IN_HOUSE,5988.0,837.0,starter,1068.0,-4920.0,0,52563,pro,5988.0,225000,448263.0
Estrategia MIC,estrategiamic.com,AGENCY,768.0,390.0,intro,3588.0,2820.0,0,179010,,0.0,0,0.0
Subgrowth.fyi,subscribed.fyi,AGENCY,3416.4,261.0,intro,3588.0,171.5999999999999,0,179139,,0.0,0,0.0
Holafly,holafly.com,IN_HOUSE,2388.0,300.0,starter,1068.0,-1320.0,0,53100,starter,2388.0,66000,119100.0
Ems Ambulance,ems-ambulance.com,IN_HOUSE,1068.0,63.0,starter,1068.0,0.0,0,53337,,0.0,0,0.0
First Digit,firstdigit.io,AGENCY,1068.0,75.0,intro,3588.0,2520.0,0,179325,,0.0,0,0.0
Look Left Marketing,lookleftmarketing.com,AGENCY,2388.0,36.0,intro,3588.0,1200.0,0,179364,,0.0,0,0.0
Atomchat,atomchat.io,IN_HOUSE,1068.0,36.0,starter,1068.0,0.0,0,53364,,0.0,0,0.0
Funding Societies,fundingsocieties.com.my,IN_HOUSE,1068.0,75.0,starter,1068.0,0.0,0,53325,,0.0,0,0.0
Plane Perspective,planeperspective.com,AGENCY,1068.0,75.0,intro,3588.0,2520.0,0,179325,,0.0,0,0.0
PRIMAGAS Energie GmbH,primagas.de,IN_HOUSE,2388.0,132.0,starter,1068.0,-1320.0,0,53268,starter,2388.0,66000,119268.0
Payt,paytsoftware.nl,IN_HOUSE,1068.0,66.0,starter,1068.0,0.0,0,53334,,0.0,0,0.0
Blue Services LLC,blueservicesmarketing.com,AGENCY,1068.0,75.0,intro,3588.0,2520.0,0,179325,,0.0,0,0.0
Jaeckert & O'Daniel,jaeckert-odaniel.com,AGENCY,2398.8,455.0,intro,3588.0,1189.1999999999998,0,178945,,0.0,0,0.0
courtcircuit.cc,courtcircuit.cc,AGENCY,1068.0,39.0,intro,3588.0,2520.0,0,179361,,0.0,0,0.0
Hypofriend,hypofriend.de,IN_HOUSE,1068.0,69.0,starter,1068.0,0.0,0,53331,,0.0,0,0.0
PicDrop GmbH,picdrop.com,IN_HOUSE,1068.0,75.0,starter,1068.0,0.0,0,53325,,0.0,0,0.0
Amorepacific,amorepacific.com,AGENCY,1068.0,150.0,intro,3588.0,2520.0,0,179250,,0.0,0,0.0
Luxury Presence,luxurypresence.com,AGENCY,480.0,156.0,intro,3588.0,3108.0,0,179244,,0.0,0,0.0
Cardata,cardata.co,IN_HOUSE,7716.0,2700.0,starter,1068.0,-6648.0,0,50700,enterprise,7716.0,172800,768900.0
Snap Finance,snapfinance.com,IN_HOUSE,1068.0,69.0,starter,1068.0,0.0,0,53331,,0.0,0,0.0
IBB,ibb.com,AGENCY,2988.0,711.0,intro,3588.0,600.0,0,178689,,0.0,0,0.0
Leverage Way,leverageway.com,AGENCY,1068.0,27.0,intro,3588.0,2520.0,0,179373,,0.0,0,0.0
S-Communication Services GmbH,s-communication.de,AGENCY,2388.0,285.0,intro,3588.0,1200.0,0,179115,,0.0,0,0.0
Player,player.ro,IN_HOUSE,2388.0,15.0,starter,1068.0,-1320.0,0,53385,starter,2388.0,66000,119385.0
homeandsmart,homeandsmart.de,IN_HOUSE,1068.0,63.0,starter,1068.0,0.0,0,53337,,0.0,0,0.0
bugbug,bugbug.io,IN_HOUSE,1080.0,75.0,starter,1068.0,-12.0,0,53325,starter,1080.0,600,53925.0
British Council,britishcouncil.org,IN_HOUSE,1068.0,72.0,starter,1068.0,0.0,0,53328,,0.0,0,0.0
Fresh Prints,freshprints.com,IN_HOUSE,2388.0,267.0,starter,1068.0,-1320.0,0,53133,starter,2388.0,66000,119133.0
xpose360,xpose360.de,AGENCY,720.0,54.0,intro,3588.0,2868.0,0,179346,,0.0,0,0.0
Adpremier,adpremier.fr,AGENCY,1068.0,21.0,intro,3588.0,2520.0,0,179379,,0.0,0,0.0
Conversearch,conversearch.de,AGENCY,660.0,276.0,intro,3588.0,2928.0,0,179124,,0.0,0,0.0
SH Digital,sh-digital.ch,IN_HOUSE,11028.0,18.0,starter,1068.0,-9960.0,0,53382,enterprise,11028.0,504000,1102782.0
DECATHLON,decathlon.de,IN_HOUSE,1080.0,66.0,starter,1068.0,-12.0,0,53334,starter,1080.0,600,53934.0
Crest Comms,hellocrest.com,AGENCY,1068.0,15.0,intro,3588.0,2520.0,0,179385,,0.0,0,0.0
Mersudin Forbes,mersudinforbes.com,AGENCY,2388.0,114.0,intro,3588.0,1200.0,0,179286,,0.0,0,0.0
Claneo GmbH,claneo.com,AGENCY,2388.0,180.0,intro,3588.0,1200.0,0,179220,,0.0,0,0.0
PIABO,piabo.com,AGENCY,1068.0,100.0,intro,3588.0,2520.0,0,179300,,0.0,0,0.0
Ailistings,ailistings.co.uk,AGENCY,1068.0,12.0,intro,3588.0,2520.0,0,179388,,0.0,0,0.0
YOVEGO Productions GmbH,yovego.de,AGENCY,1068.0,63.0,intro,3588.0,2520.0,0,179337,,0.0,0,0.0
Dawkes Music,dawkes.co.uk,IN_HOUSE,1068.0,27.0,starter,1068.0,0.0,0,53373,,0.0,0,0.0
Youtech,youtechagency.com,AGENCY,1788.0,586.0,intro,3588.0,1800.0,0,178814,,0.0,0,0.0
Banani,banani.co,IN_HOUSE,1068.0,57.0,starter,1068.0,0.0,0,53343,,0.0,0,0.0
EnvisionUP,envisionup.com,AGENCY,1068.0,18.0,intro,3588.0,2520.0,0,179382,,0.0,0,0.0
Attention Fox,attentionfox.com,AGENCY,1068.0,15.0,intro,3588.0,2520.0,0,179385,,0.0,0,0.0
Lingopie,lingopie.com,IN_HOUSE,2388.0,300.0,starter,1068.0,-1320.0,0,53100,starter,2388.0,66000,119100.0
Stateshift,stateshift.com,IN_HOUSE,1068.0,75.0,starter,1068.0,0.0,0,53325,,0.0,0,0.0
Xponent21,xponent21.com,AGENCY,1068.0,21.0,intro,3588.0,2520.0,0,179379,,0.0,0,0.0
